old_path,md5,change,new_path
train/kamyun/194252891.jpg,17d9745b7cb20e9bcad909ca584b4482,moved,train/kamyunet/194252891.jpg
train/kamyun/197919393.jpg,a5fbb207dbd0c564d7840d0fe0465134,moved,train/kamyunet/197919393.jpg
train/kamyun/198119425.jpg,93e2797ee346d40dfe3e828b481ab7c1,moved,train/kamyunet/198119425.jpg
train/kamyun/201179873.jpg,92a779ba80c90c4ed5fe32b2f97afdaf,moved,train/kamyunet/201179873.jpg
train/kamyun/206174596.jpg,cda36327983c827c6032345f16516129,moved,train/kamyunet/206174596.jpg
train/kamyun/210749256.jpg,fa2889812d9347979a6400a738d1e186,moved,train/kamyunet/210749256.jpg
train/kamyun/214657348.jpg,b4f089d92432b192d15aa519414aaae8,moved,train/kamyunet/214657348.jpg
train/kamyun/215692883.jpg,19d791c108f32df46ad3eb537c4153f4,moved,train/kamyunet/215692883.jpg
train/kamyun/215721968.jpg,ce190f42ac989c488ffc3b26c1425869,moved,train/kamyunet/215721968.jpg
train/kamyun/216008162.jpg,27b28a167c6c6cecd731431753ef4327,moved,train/kamyunet/216008162.jpg
train/kamyun/216010811.jpg,718102bd0ae8923ea1615d136f8d31e1,moved,train/kamyunet/216010811.jpg
train/kamyun/216026504.jpg,3888fb2b814af2591ac9d1bc3c9ee9b7,moved,train/kamyunet/216026504.jpg
train/kamyun/216039996.jpg,8e41e2123b5bafdf8159ce906642dff1,moved,train/kamyunet/216039996.jpg
train/kamyun/216048837.jpg,0e1b7b7a9178c237cea0d80219c580aa,moved,train/kamyunet/216048837.jpg
train/kamyun/216158404.jpg,8fea12b4c79a33ca6b60d3ea3f9191fd,moved,train/kamyunet/216158404.jpg
train/kamyun/216293604.jpg,54a7350e6c638de14315e1348caa4f8d,moved,train/kamyunet/216293604.jpg
train/kamyun/216561920.jpg,efc2b4c07c81015ffebc060f8f78e219,moved,train/kamyunet/216561920.jpg
train/kamyun/217341470.jpg,6ba405bc4febddb51be00a1b93aa8853,moved,train/kamyunet/217341470.jpg
train/kamyun/217381231.jpg,be4c68be1e68d4195608365f5ea18283,moved,train/kamyunet/217381231.jpg
train/kamyun/217957818.jpg,9a77e3fc4fec2461e8ce7afeb01c4f40,moved,train/kamyunet/217957818.jpg
train/kamyun/218154755.jpg,b39175f7b813e1af08c6561de3148de5,moved,train/kamyunet/218154755.jpg
train/kamyun/218532550.jpg,39b913d1db100ad2b286910df48ff4b7,moved,train/kamyunet/218532550.jpg
train/kamyun/218719693.jpg,0d2fd070277a21b66e4108b4de05091f,moved,train/kamyunet/218719693.jpg
train/kamyun/218720188.jpg,1a621aac5d2dff5c5ef39a8ca9e0e8b1,moved,train/kamyunet/218720188.jpg
train/kamyun/218906168.jpg,cb74eef10e14261e66b456b19e16238b,moved,train/kamyunet/218906168.jpg
train/kamyun/218935445.jpg,18ce05bda188457e58e69264f82734f3,moved,train/kamyunet/218935445.jpg
train/kamyun/218936367.jpg,3cfebdccc3dd710d48b776f56ef3f232,moved,train/kamyunet/218936367.jpg
train/kamyun/219002808.jpg,580a099abfeb8df3e04c3b26a3d60d7f,moved,train/kamyunet/219002808.jpg
train/kamyun/219057756.jpg,eedd4a1d9315905ecc26b3d20920c26a,moved,train/kamyunet/219057756.jpg
train/savari/203730891.jpg,3dd9ab0f0cd5525c6d1e4c4c54573714,moved,train/taxi/203730891.jpg
train/savari/206803325.jpg,cc81c2690614306bc9f999006d4aa374,moved,train/taxi/206803325.jpg
train/taxi/216526649.jpg,e372cbc2ba995e6ee9e744a316ec34e0,moved,train/savari/216526649.jpg
train/taxi/216561625.jpg,4c01fdeee063b706eec5ee32d1a75965,moved,train/savari/216561625.jpg
train/taxi/216587611.jpg,29dc4c17d6ec592e727e301c3b87c643,moved,train/savari/216587611.jpg
train/taxi/218147453.jpg,afa7e660a3d3b020d2ca0d279a7ae35b,moved,train/savari/218147453.jpg
train/taxi/218268791.jpg,a06c1bccbc7b878b76c19178f4de884d,moved,train/savari/218268791.jpg
train/vanet/194604026.jpg,297d578ec32439ac363ebdac1e4cfdab,moved,unclean/neysan/194604026.jpg
train/vanet/194840733.jpg,aa7d1115a489cdef0aac81ccc11301d4,moved,unclean/neysan/194840733.jpg
train/vanet/194841865.jpg,7c9659b17045e3ca6a850dbdc2bc8039,moved,unclean/neysan/194841865.jpg
train/vanet/194936120.jpg,cc7958f0bb555cf00f314bb2cc023b37,moved,unclean/neysan/194936120.jpg
train/vanet/194942215.jpg,e676c0c7641084e15c054050e566f767,moved,unclean/neysan/194942215.jpg
train/vanet/195136808.jpg,d309bf93759eccd4ba90add0cb89e149,moved,unclean/neysan/195136808.jpg
train/vanet/195297859.jpg,f5aaa456d6c96ed3cbefee1feddd78a9,moved,unclean/neysan/195297859.jpg
train/vanet/195489956.jpg,a8f0377370f13386ce1bfc870b65dfaf,moved,unclean/neysan/195489956.jpg
train/vanet/195623474.jpg,588b314ae97ce1a2be48695f8cc2cd0b,moved,unclean/neysan/195623474.jpg
train/vanet/195691366.jpg,c9655238a452f709db4682e1f1b92802,moved,unclean/neysan/195691366.jpg
train/vanet/195729274.jpg,1580fff1a7db4af2ad3dac2b302349b9,moved,unclean/neysan/195729274.jpg
train/vanet/195737410.jpg,187567ae082f33d081a9ae2c95539bec,moved,unclean/neysan/195737410.jpg
train/vanet/196271519.jpg,ed1ab2abc24230ee9e468d2c6c186d0b,moved,unclean/neysan/196271519.jpg
train/vanet/196577840.jpg,5741156108fd6b4217a08f02adea38dd,moved,unclean/neysan/196577840.jpg
train/vanet/196587192.jpg,0081e3a8938ab6406d709c0a97154c8f,moved,unclean/neysan/196587192.jpg
train/vanet/196600810.jpg,3f8f3736788964101edc58b2d5690feb,moved,unclean/neysan/196600810.jpg
train/vanet/196659846.jpg,acda808ab3f15c2176f10983c8d9877f,moved,unclean/neysan/196659846.jpg
train/vanet/196691380.jpg,713ce2ab3802be7f1a301d2f781c6e21,moved,unclean/neysan/196691380.jpg
train/vanet/196935586.jpg,ba0b161ef7a5741ad0c4d691919fc54c,moved,unclean/neysan/196935586.jpg
train/vanet/196951112.jpg,ee5e4d07bb7f206bd78f15f5c77334bf,moved,unclean/neysan/196951112.jpg
train/vanet/196958341.jpg,a4ec513e0a668b106d75850f93355a56,moved,unclean/neysan/196958341.jpg
train/vanet/197012948.jpg,53924277e29fb64b095434cabb2bd62a,moved,unclean/neysan/197012948.jpg
train/vanet/197030864.jpg,253931e2e95a6a2b7c9a764e349e8238,moved,unclean/neysan/197030864.jpg
train/vanet/197050396.jpg,c314b73b25446655a13d7fd655ca631e,moved,unclean/neysan/197050396.jpg
train/vanet/197051875.jpg,6c7a26f959097c3ff753a2da4fe815b1,moved,unclean/neysan/197051875.jpg
train/vanet/197145624.jpg,557646a80e20a50cac91291925b1cb22,moved,unclean/neysan/197145624.jpg
train/vanet/197230014.jpg,2637d56d3c007a32a891d3df0fa54745,moved,unclean/neysan/197230014.jpg
train/vanet/197248106.jpg,b3fc7806ecd1b9c30c329ffb42f3187c,moved,unclean/neysan/197248106.jpg
train/vanet/197400566.jpg,b3df41a12aaf578aa4952d97c72eeec7,moved,unclean/neysan/197400566.jpg
train/vanet/197410959.jpg,abb058aeb831b40d3a158acd34daca6c,moved,unclean/neysan/197410959.jpg
train/vanet/197526482.jpg,9c8192eb3bdf6637b94a73ca6d791c68,moved,unclean/neysan/197526482.jpg
train/vanet/197599935.jpg,e64417971e3d5a15d9a35e7b38d6066f,moved,unclean/neysan/197599935.jpg
train/vanet/197642949.jpg,3a57bb8a955a30752783b47937a79fbe,moved,unclean/neysan/197642949.jpg
train/vanet/197702697.jpg,967d56272d1039c5bac21318f9b3d58d,moved,unclean/neysan/197702697.jpg
train/vanet/197762795.jpg,0fb09ed331e4bc801b80499e5898714e,moved,unclean/neysan/197762795.jpg
train/vanet/197800952.jpg,e10ff5971f048b6ac742f33025e8759f,moved,unclean/neysan/197800952.jpg
train/vanet/197801257.jpg,231547d149da8347fcda132c3b63e599,moved,unclean/neysan/197801257.jpg
train/vanet/197986381.jpg,53a39f3d616ce560688747dd47ffedc7,moved,unclean/neysan/197986381.jpg
train/vanet/198067896.jpg,3c725f85a006c5bde96974c2322df31c,moved,unclean/neysan/198067896.jpg
train/vanet/198083699.jpg,0ad3036c88710ce3b0a0670ad6d4c081,moved,unclean/neysan/198083699.jpg
train/vanet/198237870.jpg,069534e3eebb0ca3126ecfeba53aaf90,moved,unclean/neysan/198237870.jpg
train/vanet/198246401.jpg,d8c40cf4fc31ab574061b2b90a8b2e56,moved,unclean/neysan/198246401.jpg
train/vanet/198248524.jpg,1103d6973683374a9dd6b99730651d6e,moved,unclean/neysan/198248524.jpg
train/vanet/198381413.jpg,d2a0893df49809010e4380de57d9211d,moved,unclean/neysan/198381413.jpg
train/vanet/198484121.jpg,fbba5b909361ae0007129302796ecc8f,moved,unclean/neysan/198484121.jpg
train/vanet/198502993.jpg,aa760fa7a53d6e2353916a7b7d92e0d0,moved,unclean/neysan/198502993.jpg
train/vanet/198521244.jpg,a764e9e010bb571f7a0176ab78f18eef,moved,unclean/neysan/198521244.jpg
train/vanet/198628181.jpg,83db6bf24658dd47675d8944bdff8e92,moved,unclean/neysan/198628181.jpg
train/vanet/198682197.jpg,7c333a5d1d7ac8b5195c02c629a6f48b,moved,unclean/neysan/198682197.jpg
train/vanet/198738633.jpg,748f47ff92201e67aed245f55fd63c3d,moved,unclean/neysan/198738633.jpg
train/vanet/198922511.jpg,dc3a08964c0f39d08be57fe70e880b8a,moved,unclean/neysan/198922511.jpg
train/vanet/199169585.jpg,7b1201f004f30e58e6bb71ca2b95bada,moved,unclean/neysan/199169585.jpg
train/vanet/199280248.jpg,955740e4c873eeb5de15a16891ac7fde,moved,unclean/neysan/199280248.jpg
train/vanet/199334653.jpg,7d126f5af720017e34a77fcb4fb7de68,moved,unclean/neysan/199334653.jpg
train/vanet/199339196.jpg,01fcb374bf3b475ec1eb2700beb186b7,moved,unclean/neysan/199339196.jpg
train/vanet/199411077.jpg,a6b6a76ab97314da4eecf0f13a9a27f0,moved,unclean/neysan/199411077.jpg
train/vanet/199447894.jpg,fcd0ced76914698ba953a01583f91502,moved,unclean/neysan/199447894.jpg
train/vanet/199550450.jpg,dac45caa3ce5f2ee7c23ae3d06c7ae6f,moved,unclean/neysan/199550450.jpg
train/vanet/199832901.jpg,b36d94448f891260a5287604fa316e54,moved,unclean/neysan/199832901.jpg
train/vanet/199942704.jpg,46707623fbc0b0bc8fd0ab4204704199,moved,unclean/neysan/199942704.jpg
train/vanet/199953375.jpg,5be58822b395256617ce7941f26bf3fd,moved,unclean/neysan/199953375.jpg
train/vanet/200298503.jpg,c374959ec6fd891438de733381a4ef13,moved,unclean/neysan/200298503.jpg
train/vanet/200389158.jpg,11fbe112c69b09ec474badb1493bfc1d,moved,unclean/neysan/200389158.jpg
train/vanet/200481076.jpg,e082d3c1ae0cf86afab8dbf4312b1556,moved,unclean/neysan/200481076.jpg
train/vanet/200533750.jpg,83b19c473588bf7a6bb9abba663cda31,moved,unclean/neysan/200533750.jpg
train/vanet/200609458.jpg,1c43e92d9471a7df73cc3a8dd02a7332,moved,unclean/neysan/200609458.jpg
train/vanet/200809636.jpg,982f9eca237935b23344884b39d3f818,moved,unclean/neysan/200809636.jpg
train/vanet/200823882.jpg,cd7a1b075bf0064fabb7b21f65f430a1,moved,unclean/neysan/200823882.jpg
train/vanet/200843665.jpg,50cabc2c40a90f90773c5111d2088301,moved,unclean/neysan/200843665.jpg
train/vanet/201998076.jpg,84730316474802a3c532956c22cefc1d,moved,unclean/neysan/201998076.jpg
train/vanet/202177183.jpg,454361284ff1688a6778686e4d7f91c7,moved,unclean/neysan/202177183.jpg
train/vanet/202810079.jpg,5a6ba769f4fa09c51351bda8920b11f5,moved,unclean/neysan/202810079.jpg
train/vanet/202819083.jpg,30be4807e9fd08be53dc345a7dd29d27,moved,unclean/neysan/202819083.jpg
train/vanet/202926245.jpg,36665b2f6ec4fa71eff698a633d65c4e,moved,unclean/neysan/202926245.jpg
train/vanet/203138968.jpg,6145760953359482d4b2c40b295acb57,moved,unclean/neysan/203138968.jpg
train/vanet/203213711.jpg,1427ce05187135c87c99b6cbe14025d9,moved,unclean/neysan/203213711.jpg
train/vanet/203270338.jpg,81c276352a75a3dba3599a35b59077c3,moved,unclean/neysan/203270338.jpg
train/vanet/205262878.jpg,95ecebcc21f3d2f9accb4ae24ea94d2e,moved,unclean/neysan/205262878.jpg
train/vanet/205327149.jpg,5db55a0cb3f4ed1da765a268a4dbbda7,moved,unclean/neysan/205327149.jpg
train/vanet/206146531.jpg,e3eaf3a0886cf0e16338b875c669582c,moved,unclean/neysan/206146531.jpg
train/vanet/206569698.jpg,4f5fdc7cc8852e30ccae167e4fe28b3a,moved,unclean/neysan/206569698.jpg
train/vanet/206739448.jpg,4b3f18fe07d8a97e46c56ae930a66359,moved,unclean/neysan/206739448.jpg
train/vanet/207057519.jpg,60a8b6cc4024e3a3c95e56264d8007b0,moved,unclean/neysan/207057519.jpg
train/vanet/207379908.jpg,a7c0067f0b211b31ad11f06d7de531bc,moved,unclean/neysan/207379908.jpg
train/vanet/207385887.jpg,82415d400b3e45e5540dab53a664d4c2,moved,unclean/neysan/207385887.jpg
train/vanet/207739732.jpg,876fa4945a62634f3e01bd8f6a9d3473,moved,unclean/neysan/207739732.jpg
train/vanet/207749551.jpg,46aec157e5a2c21d312ea4ef5c7ff104,moved,unclean/neysan/207749551.jpg
train/vanet/207752161.jpg,242cc2808ea20681bbb198c6dc0a0a0f,moved,unclean/neysan/207752161.jpg
train/vanet/208328663.jpg,55e43de794f062edd10246807047ff40,moved,unclean/neysan/208328663.jpg
train/vanet/208339363.jpg,a3d9edb6a22847ba2ce99bda39af2e10,moved,unclean/neysan/208339363.jpg
train/vanet/208422550.jpg,1176a73a8082932f0e18b2716fea3146,moved,unclean/neysan/208422550.jpg
train/vanet/208497709.jpg,ec1d2d1e69970845b4e8371c17a2bac0,moved,unclean/neysan/208497709.jpg
train/vanet/208593884.jpg,d4a07eca6fb1d3966bb0cf9f3c596859,moved,unclean/neysan/208593884.jpg
train/vanet/208707423.jpg,0f1fb71aa8bee4d34f748f81e2f19c3f,moved,unclean/neysan/208707423.jpg
train/vanet/209014176.jpg,5b1d37593e9a585bd6e722f6c64eb08b,moved,unclean/neysan/209014176.jpg
train/vanet/209096424.jpg,50b621e38037b66269cdce69259db333,moved,unclean/neysan/209096424.jpg
train/vanet/209271297.jpg,40c01f1665afab1d7fba2536999bfccc,moved,unclean/neysan/209271297.jpg
train/vanet/209493858.jpg,dddc7ab683e94c7b1ab7082a2464d33c,moved,unclean/neysan/209493858.jpg
train/vanet/209919775.jpg,ffab9c7f336cf699cbd2443473668e30,moved,unclean/neysan/209919775.jpg
train/vanet/209937838.jpg,e61435f17d2a413369a8de6aa8cdd4d4,moved,unclean/neysan/209937838.jpg
train/vanet/210121027.jpg,3a9d59cb565bb934734152fea6bbea9d,moved,unclean/neysan/210121027.jpg
train/vanet/211821251.jpg,aba03afd4db3cd1a33e1a6cddd1e80ed,moved,unclean/neysan/211821251.jpg
train/vanet/212177980.jpg,c363686545e4307e417f4ff69cb249c9,moved,unclean/neysan/212177980.jpg
train/vanet/212179510.jpg,bb328073de4308140b6a1af67901f643,moved,unclean/neysan/212179510.jpg
train/vanet/212199241.jpg,d15fe39fee376594e5051250c3b9dd8a,moved,unclean/neysan/212199241.jpg
train/vanet/212246766.jpg,d9281fa2d72c88b9c8e2e08f66573e6a,moved,unclean/neysan/212246766.jpg
train/vanet/212286109.jpg,b897c7ce7cc9ee5ace1dfcb4c86f0f84,moved,unclean/neysan/212286109.jpg
train/vanet/212899489.jpg,2653d0886b428addb3a364ebebbc317d,moved,unclean/neysan/212899489.jpg
train/vanet/213024260.jpg,e255d682ea6349d816827e673de96167,moved,unclean/neysan/213024260.jpg
train/vanet/213201102.jpg,5e61094429805def76ace46ed4aa0320,moved,unclean/neysan/213201102.jpg
train/vanet/213213974.jpg,0d118cc2dfd1f4904d0157875400d66e,moved,unclean/neysan/213213974.jpg
train/vanet/213474257.jpg,19b73ffcfc75a1afd24a830600fae480,moved,unclean/neysan/213474257.jpg
train/vanet/213499081.jpg,a42fff562fd51d445cb91070e13e0636,moved,unclean/neysan/213499081.jpg
train/vanet/213510187.jpg,33e3fd8fb45d809d74cc979814423081,moved,unclean/neysan/213510187.jpg
train/vanet/213512974.jpg,cff2f6faf998ba6073b67d4e19ccfc9d,moved,unclean/neysan/213512974.jpg
train/vanet/213516467.jpg,2a9accd39e3eb655036fe109a5226c7c,moved,unclean/neysan/213516467.jpg
train/vanet/213797207.jpg,5591b07232f817f02166717561d4682c,moved,unclean/neysan/213797207.jpg
train/vanet/214534544.jpg,2fd700eb47ab207a9b2df3d048d2a624,moved,unclean/neysan/214534544.jpg
train/vanet/214570473.jpg,1e8df118a5c0552dbb14d802d822ddef,moved,unclean/neysan/214570473.jpg
train/vanet/214572271.jpg,4794eeafedf7f9590809d589ca8c3351,moved,unclean/neysan/214572271.jpg
train/vanet/214575134.jpg,6cb0dfbaac6b61aed97158e04629ada2,moved,unclean/neysan/214575134.jpg
train/vanet/214596732.jpg,17cc1a62bc15ec7757f8fdec7f12d858,moved,unclean/neysan/214596732.jpg
train/vanet/214679839.jpg,612ee17e4d117e118cdc4923066967de,moved,unclean/neysan/214679839.jpg
train/vanet/214716307.jpg,4e1bc535b35932e4d2edd896b3bd8473,moved,unclean/neysan/214716307.jpg
train/vanet/214776623.jpg,2d287d5cb8a7501444cfdeb253741ca5,moved,unclean/neysan/214776623.jpg
train/vanet/214844236.jpg,ef3cab770c805c85aa9b94f05499e0ee,deleted,
train/vanet/215649880.jpg,5112906b2fca7731baa837a638349070,moved,unclean/neysan/215649880.jpg
train/vanet/215698156.jpg,c1930ee50cb40efab0212e0ca1716313,moved,unclean/neysan/215698156.jpg
train/vanet/215738096.jpg,4484f07e96ee8abb84368251822c5d16,moved,unclean/neysan/215738096.jpg
train/vanet/215977687.jpg,308cce39c4b531fd749598b2d79a9ae7,moved,unclean/neysan/215977687.jpg
train/vanet/216034128.jpg,f7299ec40d6d3bfb690fc6c82247e891,moved,unclean/neysan/216034128.jpg
train/vanet/216107182.jpg,a5afa4a057a0fb1f8126e5bc1f98d9bd,moved,unclean/neysan/216107182.jpg
train/vanet/216342000.jpg,5945f404487f8780782d10d001338510,moved,unclean/neysan/216342000.jpg
train/vanet/216462815.jpg,d397d05dd187f8e317d0fb31cf3b2573,moved,unclean/neysan/216462815.jpg
train/vanet/216713191.jpg,9d07618a5c6a56922b29529a06507d29,moved,unclean/neysan/216713191.jpg
train/vanet/216849972.jpg,c0618eb6d613660fde300b139e683fff,moved,unclean/neysan/216849972.jpg
train/vanet/216976584.jpg,a3d3539a81313c9a6c95f433d4bdd10e,moved,unclean/neysan/216976584.jpg
train/vanet/217018686.jpg,e4694fa0c52d6de61c19eb20a69ca98f,moved,unclean/neysan/217018686.jpg
train/vanet/217097271.jpg,e99f9bad329058037d603a465092fc75,moved,unclean/neysan/217097271.jpg
train/vanet/217170964.jpg,fb842d9354c81142e0c2434d7e0ff447,moved,unclean/neysan/217170964.jpg
train/vanet/217260102.jpg,defa1cae015d5af68d4430b7bb582c70,moved,unclean/neysan/217260102.jpg
train/vanet/217279618.jpg,5dc7e03e7c8f8e7dca574315d8c92e0e,moved,unclean/neysan/217279618.jpg
train/vanet/217515157.jpg,aaf4bf70ff56473353f6f150dc2ac6fc,moved,unclean/neysan/217515157.jpg
train/vanet/217558673.jpg,d07f7a2a84bcce38610870194395345a,moved,unclean/neysan/217558673.jpg
train/vanet/217570438.jpg,6cbd2200a451eefce0b42b8a308a16af,moved,unclean/neysan/217570438.jpg
train/vanet/217829551.jpg,3a144e56076e0e1b60fd9a1c06df74ea,moved,unclean/neysan/217829551.jpg
train/vanet/217970196.jpg,2a46e7a8d9a4dcd8723ee84ebde97f89,moved,unclean/neysan/217970196.jpg
train/vanet/217981226.jpg,3db0e0ec4adcd20c16e773586dc8185b,moved,unclean/neysan/217981226.jpg
train/vanet/218044166.jpg,38b568fec86d58cb23c038725ebcbab7,moved,unclean/neysan/218044166.jpg
train/vanet/218059558.jpg,85be5e72cdd051c0f84a59f2e5778755,moved,unclean/neysan/218059558.jpg
train/vanet/218080336.jpg,4d7835421fa54894bd3f0248fb268e94,moved,unclean/neysan/218080336.jpg
train/vanet/218080868.jpg,ee59b1bf646822e6ded35b7ceead426a,moved,unclean/neysan/218080868.jpg
train/vanet/218101940.jpg,2780847ba886c012e5866289d583b557,moved,unclean/neysan/218101940.jpg
train/vanet/218189460.jpg,f871c895447b3b673b0ed38df51f031d,moved,unclean/neysan/218189460.jpg
train/vanet/218259572.jpg,42a63d1a8261f7f48da03ee2a1993ee2,moved,unclean/neysan/218259572.jpg
train/vanet/218269888.jpg,eeea40ed93252889ff6c93912f0086ce,moved,unclean/neysan/218269888.jpg
train/vanet/218481035.jpg,3d66b05d8a7d2d19fe7fa3b6ba34831f,moved,unclean/neysan/218481035.jpg
train/vanet/218511513.jpg,0e06fe1dc093a02ec5913307d541c086,moved,unclean/neysan/218511513.jpg
train/vanet/218516808.jpg,74f6c1e39b05dc575e9fd6e312330418,moved,unclean/neysan/218516808.jpg
train/vanet/218571705.jpg,46a1d398d5225fe651d8548ccbb2bfa3,moved,unclean/neysan/218571705.jpg
train/vanet/218579053.jpg,f040b63ef53499e618d7f1ede78203c9,moved,unclean/neysan/218579053.jpg
train/vanet/218619586.jpg,a3f8cdd18dbd02e507424bf6469a0eea,moved,unclean/neysan/218619586.jpg
train/vanet/218621398.jpg,7a1b721df7daaf38862761b063b9c3a4,moved,unclean/neysan/218621398.jpg
train/vanet/218653329.jpg,bb72a8c396c344e9307bb7f142544a59,moved,unclean/neysan/218653329.jpg
train/vanet/218667942.jpg,db5a3a3f84d945e580fe2852d7215be2,moved,unclean/neysan/218667942.jpg
train/vanet/218753316.jpg,fdc095eb126ab61cfe6eae24207702db,moved,unclean/neysan/218753316.jpg
train/vanet/218785295.jpg,2d7b203c787b40a887836330bc100ed6,moved,unclean/neysan/218785295.jpg
train/vanet/218844658.jpg,a48492da152ba41dab8e83964e9fd5e4,moved,unclean/neysan/218844658.jpg
train/vanet/218890033.jpg,bfb866126ab7cd89852563664746b9ac,moved,unclean/neysan/218890033.jpg
train/vanet/218912535.jpg,a0970273d8c2dd3b2205cbab5ab47d81,moved,unclean/neysan/218912535.jpg
train/vanet/218980394.jpg,9ab4f7ae8d282848c051913a85493696,moved,unclean/neysan/218980394.jpg
train/vanet/219013565.jpg,18efe45d3e1c05dae68b80469f75d7cf,moved,unclean/neysan/219013565.jpg
train/vanet/219037231.jpg,5b2e2cc7b6678907c6d28ad07054258f,moved,unclean/neysan/219037231.jpg
test/kamyun/216852176.jpg,5db1d7f178a82e925e2d3a44c563b00a,moved,test/kamyunet/216852176.jpg
test/kamyun/216957598.jpg,6e9636ce3e7cf4c435b3713b27f2d086,moved,test/kamyunet/216957598.jpg
test/vanet/195003645.jpg,c1e274fbf3405d3cc6fca49177d5ceb0,moved,unclean/neysan/195003645.jpg
test/vanet/196356494.jpg,8463a1eb7479a065102f26642b08d90b,moved,unclean/neysan/196356494.jpg
test/vanet/197277284.jpg,c3667f0e8f0f44821fe37f25eab1a042,moved,unclean/neysan/197277284.jpg
test/vanet/197500908.jpg,82e56034258845709c215939e2c6cf8c,moved,unclean/neysan/197500908.jpg
test/vanet/198081331.jpg,77f77356692593de64bedac0ff8840f0,moved,unclean/neysan/198081331.jpg
test/vanet/198532786.jpg,db91c2aa15a95ebd2a32f0c83b0602d7,moved,unclean/neysan/198532786.jpg
test/vanet/200792774.jpg,cbc97eb8d063d68a5581e96363a9f21e,moved,unclean/neysan/200792774.jpg
test/vanet/203362157.jpg,229cb0296cdc38dbce04adb0a93651f5,moved,unclean/neysan/203362157.jpg
test/vanet/203938980.jpg,ac11f627e2ba5ad7a5ffbc37e0b24428,moved,unclean/neysan/203938980.jpg
test/vanet/204405545.jpg,0737ec59ab606921806e8620baea1f53,moved,unclean/neysan/204405545.jpg
test/vanet/205788026.jpg,d82c20e1cbde5be7d222da7ded1876fe,moved,unclean/neysan/205788026.jpg
test/vanet/206000639.jpg,eb927edd6974fe841f0c45323bb4fecd,moved,unclean/neysan/206000639.jpg
test/vanet/206157146.jpg,b4e69bb070133b12b07022f6a0b244de,moved,unclean/neysan/206157146.jpg
test/vanet/207089258.jpg,a4a7c792d3a1b7efa43e2e1df8362e1e,moved,unclean/neysan/207089258.jpg
test/vanet/207588795.jpg,7d96ac06fa64a0e3d8ea2607f3758ab9,moved,unclean/neysan/207588795.jpg
test/vanet/207864719.jpg,f0b01566fab9dd081d6e2507b937d596,moved,unclean/neysan/207864719.jpg
test/vanet/208195180.jpg,2a9110ba573002f50b6e11d7ab896931,moved,unclean/neysan/208195180.jpg
test/vanet/208431179.jpg,40e01cc746d7e5ae4106aa95a82b0c21,moved,unclean/neysan/208431179.jpg
test/vanet/209303406.jpg,113e921ca28b7b93e4544356429e2fe0,moved,unclean/neysan/209303406.jpg
test/vanet/209893847.jpg,3d827bf5b920d53e24d21335ca0cddc2,moved,unclean/neysan/209893847.jpg
test/vanet/210576543.jpg,91105f8e92e4ea992b6d25058223570e,moved,unclean/neysan/210576543.jpg
test/vanet/211397697.jpg,7b4533dcd2ccf1305fefc3139c271e0b,moved,unclean/neysan/211397697.jpg
test/vanet/211681485.jpg,6a9e606ce558368c6c541d59f574672e,moved,unclean/neysan/211681485.jpg
test/vanet/212205108.jpg,06b548719812c6d3155a7e8d79bfcc31,moved,unclean/neysan/212205108.jpg
test/vanet/212916547.jpg,a74e8c48ca90e35f680ac4113a51813c,moved,unclean/neysan/212916547.jpg
test/vanet/213393744.jpg,8770e82cc29b1e3734d2e5fe395658d5,moved,unclean/neysan/213393744.jpg
test/vanet/213775881.jpg,f4dbb1a190488b549b312f43e3733408,moved,unclean/neysan/213775881.jpg
test/vanet/214782972.jpg,8dd0418ccf47515d2a6d89862bbd6184,moved,unclean/neysan/214782972.jpg
test/vanet/215607701.jpg,9c462cc115444d1b1db9f20c882cbb9e,moved,unclean/neysan/215607701.jpg
test/vanet/216011516.jpg,ee6c0240db98ef105a5fbd1cc72572c3,moved,unclean/neysan/216011516.jpg
test/vanet/216279064.jpg,4fc0abd0607ddd1e843ea0e1b688fca7,moved,unclean/neysan/216279064.jpg
test/vanet/216558081.jpg,a94b6d3c9a3d11894e36b31fcce9582b,moved,unclean/neysan/216558081.jpg
test/vanet/217192410.jpg,aabff5137792138c14af82da00a151ff,moved,unclean/neysan/217192410.jpg
test/vanet/217977559.jpg,114620cd4bfa66ff701ea48a23fc2ff0,moved,unclean/neysan/217977559.jpg
test/vanet/218061222.jpg,7304cb32de8fa74679bcff92bc943c26,moved,unclean/neysan/218061222.jpg
test/vanet/218311235.jpg,31ba01442aa41c8a619868d19009758d,moved,unclean/neysan/218311235.jpg
test/vanet/218438512.jpg,465ad3c78b470248b30f8df269e02af6,moved,unclean/neysan/218438512.jpg
test/vanet/218886563.jpg,669122ac77dae71100bdc078a7827a42,moved,unclean/neysan/218886563.jpg
test/vanet/218939947.jpg,b84b8d8ea97bee8084648d5ab2b0d0fd,moved,unclean/neysan/218939947.jpg
unclean/ambulance/200420286.jpg,6317711530ff355202f2e2df13d9cd7a,moved,unclean/neysan/200420286.jpg
unclean/ambulance/214536826.jpg,3326ec0d1958ba09658d9ececaac074d,moved,unclean/savari/214536826.jpg
unclean/kamyun/194280486.jpg,8e48f64416987c720b5b77057d232252,moved,unclean/kamyunet/194280486.jpg
unclean/kamyun/194484076.jpg,b35b64086fd78103a88c8dd5f12c225e,moved,unclean/kamyunet/194484076.jpg
unclean/kamyun/205437377.jpg,00b8f33483de8e7633d20a9d0e86b8a7,moved,unclean/kamyunet/205437377.jpg
unclean/kamyun/209859136.jpg,d19d9faf72c3dc3c4a106551df770b3b,moved,unclean/kamyunet/209859136.jpg
unclean/kamyun/213234314.jpg,3cec160f1ff92b2ab47153a9661a2d64,moved,unclean/kamyunet/213234314.jpg
unclean/kamyun/215724393.jpg,5c8efd12229353095d4b781a51b423e5,moved,unclean/kamyunet/215724393.jpg
unclean/kamyun/216109678.jpg,c4331691758544e1ee956355b5bc8121,moved,unclean/kamyunet/216109678.jpg
unclean/kamyun/216792837.jpg,f2f8cc979ac361aa89c493035a330b95,moved,unclean/kamyunet/216792837.jpg
unclean/kamyun/216850292.jpg,9b1139f353e6fb2f924352200372c79f,moved,unclean/kamyunet/216850292.jpg
unclean/kamyun/216972904.jpg,2af0ac1aff00c405b4f2ed753df8238f,moved,unclean/kamyunet/216972904.jpg
unclean/kamyun/217031763.jpg,c4f66395d523ff561880e3ea7912f45c,moved,unclean/kamyunet/217031763.jpg
unclean/kamyun/217168731.jpg,324efb1496169c2a71ba7346de08679b,moved,unclean/kamyunet/217168731.jpg
unclean/kamyun/218106127.jpg,07b2fe62c782e0cd5b6138e3212beb6e,moved,unclean/kamyunet/218106127.jpg
unclean/kamyun/218307800.jpg,60191b76eaf988849007b980478f10be,moved,unclean/kamyunet/218307800.jpg
unclean/kamyun/218562521.jpg,4179d96943c3332347ceef2cae120b9c,moved,unclean/kamyunet/218562521.jpg
unclean/kamyun/218578650.jpg,662646df10110f33ce6f0249db444b51,moved,unclean/kamyunet/218578650.jpg
unclean/kamyun/219062079.jpg,2d9b1f380a0609ce6e776322b6979ea6,moved,unclean/kamyunet/219062079.jpg
unclean/vanet/194853070.jpg,70b261a05732c4b0ad1bbfdfe02b88e5,moved,unclean/neysan/194853070.jpg
unclean/vanet/195080365.jpg,aea67ce58788e1e12ab97a5680985e94,moved,unclean/neysan/195080365.jpg
unclean/vanet/195110811.jpg,6a74cd928d7d4d0ad3bb7f608d554a09,moved,unclean/neysan/195110811.jpg
unclean/vanet/195290564.jpg,f7753c6a83f419420cbc4f293dbe5e8d,moved,unclean/neysan/195290564.jpg
unclean/vanet/195491717.jpg,eead9958a9b4ae96d3803e02019917e5,moved,unclean/neysan/195491717.jpg
unclean/vanet/195673270.jpg,81909fce5fa2d4c762c10653ecbb9a7d,moved,unclean/neysan/195673270.jpg
unclean/vanet/195720789.jpg,e1755affdd563f482cc6d9937e9ab44c,moved,unclean/neysan/195720789.jpg
unclean/vanet/195740684.jpg,93917f7c1db77e037793721aa6cf7a78,moved,unclean/neysan/195740684.jpg
unclean/vanet/196095992.jpg,9a0f5bb1dc8e3603ac90be2fe27a9e91,moved,unclean/neysan/196095992.jpg
unclean/vanet/196216785.jpg,60e54beeec7fe5c781e586a0079e6fec,moved,unclean/neysan/196216785.jpg
unclean/vanet/196472764.jpg,b9595f7f6758582ed4045e08f43c3a18,moved,unclean/neysan/196472764.jpg
unclean/vanet/196484539.jpg,2c056d2c4bf71b6db2f99b469699b38d,moved,unclean/neysan/196484539.jpg
unclean/vanet/196756713.jpg,2ae0a6cbeee399cd2c6c7512f1b5b7ad,moved,unclean/neysan/196756713.jpg
unclean/vanet/196908180.jpg,5aad7413587d1bbe1706c2be7f37d144,moved,unclean/neysan/196908180.jpg
unclean/vanet/197150276.jpg,ab30644734902f81d255338342b3010e,moved,unclean/neysan/197150276.jpg
unclean/vanet/197187868.jpg,9d7b58147502141a2c73fa014661c049,moved,unclean/neysan/197187868.jpg
unclean/vanet/197241414.jpg,6737eb292b3d5948d250c1aa5d14bd96,moved,unclean/neysan/197241414.jpg
unclean/vanet/197247731.jpg,63662e129ba3c4e789a25a09913964c3,moved,unclean/neysan/197247731.jpg
unclean/vanet/197316952.jpg,e836d21d5803cd5d2cf0ec47e20dab52,moved,unclean/neysan/197316952.jpg
unclean/vanet/197365651.jpg,3d8e89ff87345427425eb4be8ceb3d73,moved,unclean/neysan/197365651.jpg
unclean/vanet/197437140.jpg,f04e4e5eabf7b8ecbc0ca4eb17c14711,moved,unclean/neysan/197437140.jpg
unclean/vanet/197440812.jpg,90abd47b48a871aa3d043e41cb149d96,moved,unclean/neysan/197440812.jpg
unclean/vanet/197495997.jpg,fcfb7713b09279c3b4902af0c9084fd6,moved,unclean/neysan/197495997.jpg
unclean/vanet/197560785.jpg,9af068d93abd063bf7508003070afc49,moved,unclean/neysan/197560785.jpg
unclean/vanet/197880860.jpg,3f09a66a3017ca61142f25fda7fcc2aa,moved,unclean/neysan/197880860.jpg
unclean/vanet/197957684.jpg,4ce68304c941514b691c92d44652b388,moved,unclean/neysan/197957684.jpg
unclean/vanet/197959333.jpg,fd884d3c09537487a1e3b203b9e0695f,moved,unclean/neysan/197959333.jpg
unclean/vanet/198052628.jpg,9bd9cbbdffb16c9b321f5e55978d6934,moved,unclean/neysan/198052628.jpg
unclean/vanet/198067483.jpg,538dd344a081f1f3dd2e97623afe2619,moved,unclean/neysan/198067483.jpg
unclean/vanet/198195169.jpg,cab03349211ce63d49245471e20819c3,moved,unclean/neysan/198195169.jpg
unclean/vanet/198256082.jpg,ad3736bd1f175b4b91534edb42601571,moved,unclean/neysan/198256082.jpg
unclean/vanet/198366858.jpg,cb4b38011c6aeb7c2852b9a7f3d2d0bf,moved,unclean/neysan/198366858.jpg
unclean/vanet/198420720.jpg,1fb5b75ed407644527725a77efd09b4d,moved,unclean/neysan/198420720.jpg
unclean/vanet/198454664.jpg,d7248fdc77552dfdffcb40aa7bfd46ca,moved,unclean/neysan/198454664.jpg
unclean/vanet/198459757.jpg,2f868552236cc457486c9da915931789,moved,unclean/neysan/198459757.jpg
unclean/vanet/198460428.jpg,9a77bce69172d3c399d74f6b29e895ee,moved,unclean/neysan/198460428.jpg
unclean/vanet/198487480.jpg,8b6c782863d09d956da24639a8c2ad8c,moved,unclean/neysan/198487480.jpg
unclean/vanet/198661396.jpg,f47f5b0e37ae13d2563ce8266ada18a7,moved,unclean/neysan/198661396.jpg
unclean/vanet/199401055.jpg,e83aac1d0467cbf15664214570dca699,moved,unclean/neysan/199401055.jpg
unclean/vanet/199405061.jpg,bd23669ad882c10fc9b9c983b00a36a2,moved,unclean/neysan/199405061.jpg
unclean/vanet/199412925.jpg,866c6b2ad98321d61269267abdec7fab,moved,unclean/neysan/199412925.jpg
unclean/vanet/199524545.jpg,52c82a4f7d28646a913a105d840824af,moved,unclean/neysan/199524545.jpg
unclean/vanet/199525188.jpg,6b678ce84b66d45b208f50c0cff4679c,moved,unclean/neysan/199525188.jpg
unclean/vanet/199534377.jpg,af7f8e51c2c4040898644d1986eb56e7,moved,unclean/neysan/199534377.jpg
unclean/vanet/199677477.jpg,6b145c278cac72ea5513be46e352265d,moved,unclean/neysan/199677477.jpg
unclean/vanet/199706691.jpg,32816941b64cc77dd8ef6cbb93d81fd6,moved,unclean/neysan/199706691.jpg
unclean/vanet/199788218.jpg,436fc61b13056dfd7be432f83caafa71,moved,unclean/neysan/199788218.jpg
unclean/vanet/199800413.jpg,be826556d58ac771fb40b41df9cdd936,moved,unclean/neysan/199800413.jpg
unclean/vanet/199831447.jpg,cbb20af23a50dcab49ca6e87d19c6448,moved,unclean/neysan/199831447.jpg
unclean/vanet/200630697.jpg,fcf7d8dafd9c0625d4e5472dd4ece10a,moved,unclean/neysan/200630697.jpg
unclean/vanet/200794546.jpg,5e344b7f00e42a6c0b47c4d7ae0254ed,moved,unclean/neysan/200794546.jpg
unclean/vanet/200802999.jpg,bc5617c577bc1654dbb60c639fbba141,moved,unclean/neysan/200802999.jpg
unclean/vanet/201189023.jpg,90524b4d0f8696d49b6960f6ad81d08b,moved,unclean/neysan/201189023.jpg
unclean/vanet/201223227.jpg,a9cfde4c7bab18cac9a9c02f03f0dec6,moved,unclean/neysan/201223227.jpg
unclean/vanet/201814328.jpg,53cc2c63da5b360f54da2f5884131bb3,moved,unclean/neysan/201814328.jpg
unclean/vanet/201847206.jpg,a557ab02379c15c0495589b10d562926,moved,unclean/neysan/201847206.jpg
unclean/vanet/201971644.jpg,3b6ed8dd1521aca9657f0d8735e6a71a,moved,unclean/neysan/201971644.jpg
unclean/vanet/202308812.jpg,a76d52ed3f974c5d70e581417fc854f3,moved,unclean/neysan/202308812.jpg
unclean/vanet/202980222.jpg,7593a2de1c4a301f3a7a790c8d0d2f69,moved,unclean/neysan/202980222.jpg
unclean/vanet/203454250.jpg,7cda7d79ed2c67e06228563c733c7ea9,moved,unclean/neysan/203454250.jpg
unclean/vanet/204859983.jpg,0b18514c95db99190cf4726341e797f6,moved,unclean/neysan/204859983.jpg
unclean/vanet/205193554.jpg,cf70e13ac0852fb2461626dc8c2e1a2e,moved,unclean/neysan/205193554.jpg
unclean/vanet/205354707.jpg,0f0127ea93ab60d4d51afcddf56f5f47,moved,unclean/neysan/205354707.jpg
unclean/vanet/205359219.jpg,de4bdaafe8824dd35e97bd6f7fc92602,moved,unclean/neysan/205359219.jpg
unclean/vanet/205720297.jpg,b026455b9de788380f3e523746cb0beb,moved,unclean/neysan/205720297.jpg
unclean/vanet/205765142.jpg,7c3423043bb4fe1fbdb61dd0f528198d,moved,unclean/neysan/205765142.jpg
unclean/vanet/205814375.jpg,301da6ad4d30c8c9ea33848fcdca0c6c,moved,unclean/neysan/205814375.jpg
unclean/vanet/205839665.jpg,e41db24600087227dcb7b9d8aeab30de,moved,unclean/neysan/205839665.jpg
unclean/vanet/206095693.jpg,553a4d6989d15c2ae6404feaddadeb67,moved,unclean/neysan/206095693.jpg
unclean/vanet/206621017.jpg,cc26fe8d35e74379a87288e77e775881,moved,unclean/neysan/206621017.jpg
unclean/vanet/206621338.jpg,2c951ef9a1e79fcae0961652763197d1,moved,unclean/neysan/206621338.jpg
unclean/vanet/207079360.jpg,6586f67b14879d4b96e5758b0e3d86b0,moved,unclean/neysan/207079360.jpg
unclean/vanet/207142715.jpg,68ea9d62ddad7a549c1898f50394a986,moved,unclean/neysan/207142715.jpg
unclean/vanet/207412597.jpg,c8092c817416edfb8318e1e8a510a930,moved,unclean/neysan/207412597.jpg
unclean/vanet/207596603.jpg,b4914b052dd054e5a12d2589fa043c28,moved,unclean/neysan/207596603.jpg
unclean/vanet/207846586.jpg,753ef5bebf1e980443a1015595906faa,moved,unclean/neysan/207846586.jpg
unclean/vanet/207861786.jpg,8598fb4b16002f2b32759b9c471d005e,moved,unclean/neysan/207861786.jpg
unclean/vanet/207965767.jpg,63baf768e489d8737cff6816bf8fef80,moved,unclean/neysan/207965767.jpg
unclean/vanet/207974100.jpg,35a5e26b8e3c70da90e3b53220838857,moved,unclean/neysan/207974100.jpg
unclean/vanet/208014246.jpg,aedcabda9a32bf56c2f7d7cc6a0f6ed1,moved,unclean/neysan/208014246.jpg
unclean/vanet/208031990.jpg,2b7eb836d6025c93b4bc512b63969895,moved,unclean/neysan/208031990.jpg
unclean/vanet/208044083.jpg,adf9dd9c5febbbfa0b92aeba53a939c6,moved,unclean/neysan/208044083.jpg
unclean/vanet/208091182.jpg,ac8ffc09af5b21934604bf5473924767,moved,unclean/neysan/208091182.jpg
unclean/vanet/208270780.jpg,9884a96140a41e9e6f3e8e39f8a29a49,moved,unclean/neysan/208270780.jpg
unclean/vanet/208296936.jpg,9fa8ea0b0eb320fb52ceee9871edea7a,moved,unclean/neysan/208296936.jpg
unclean/vanet/208337677.jpg,e5cb2007c0a9e4cece4d073569270387,moved,unclean/neysan/208337677.jpg
unclean/vanet/208529735.jpg,1e7f78c129f8e68dd87f91a0d4cd157f,moved,unclean/neysan/208529735.jpg
unclean/vanet/208582339.jpg,8b0291add301e696ddb3394c6dc990fc,moved,unclean/neysan/208582339.jpg
unclean/vanet/208586813.jpg,da1d3c5c92bbcd29e1be6353f4ae2657,moved,unclean/neysan/208586813.jpg
unclean/vanet/208657736.jpg,f93ffdace382b1ea9dc124ac68304abf,moved,unclean/neysan/208657736.jpg
unclean/vanet/208671162.jpg,03822fc876bbd9bb2b87399dacc894cf,moved,unclean/neysan/208671162.jpg
unclean/vanet/209052190.jpg,daeec5bde94f4ddc73eb129c4b177e93,moved,unclean/neysan/209052190.jpg
unclean/vanet/209440438.jpg,407cf02710f97a4c7f2bfa692c01b58a,moved,unclean/neysan/209440438.jpg
unclean/vanet/209500130.jpg,b306d0c02a91a2139df88cc86aeb43b6,moved,unclean/neysan/209500130.jpg
unclean/vanet/209726658.jpg,955bf4f86b2160fadcd233df31eed817,moved,unclean/neysan/209726658.jpg
unclean/vanet/209749493.jpg,72624f4105bf104b1a01f1c07836090d,moved,unclean/neysan/209749493.jpg
unclean/vanet/211048353.jpg,5cb953a8bedfff9ef785354dccf392fd,moved,unclean/neysan/211048353.jpg
unclean/vanet/211529650.jpg,e439fb1ab8b2c6224b54698aaf1112ec,moved,unclean/neysan/211529650.jpg
unclean/vanet/211742372.jpg,6a401e41964ca9a8072ecbd12c6327d4,moved,unclean/neysan/211742372.jpg
unclean/vanet/212002204.jpg,58cb329db8b88f54349f9b7e39c12cb8,moved,unclean/neysan/212002204.jpg
unclean/vanet/212037438.jpg,1afdb0aa68efa61044ae3758db37e81e,moved,unclean/neysan/212037438.jpg
unclean/vanet/212107731.jpg,5d9c90456dbf4ba3ead8af583407297e,moved,unclean/neysan/212107731.jpg
unclean/vanet/212164480.jpg,0eecb7ce2a9fe475d6df6327eb2ca3a1,moved,unclean/neysan/212164480.jpg
unclean/vanet/212228652.jpg,2a4728806fa86f299f60b75a1840133b,moved,unclean/neysan/212228652.jpg
unclean/vanet/212275461.jpg,526ac96c26789e1c3815c0585a2c19cb,moved,unclean/neysan/212275461.jpg
unclean/vanet/213250902.jpg,a84d6ea2f8a123867744ba4bf6d3f6ba,moved,unclean/neysan/213250902.jpg
unclean/vanet/213306634.jpg,07fff44ffc4c4d7f6520b8048c15eb18,moved,unclean/neysan/213306634.jpg
unclean/vanet/213498106.jpg,4c2288f0daa72c98ad09aea91e982885,moved,unclean/neysan/213498106.jpg
unclean/vanet/213802809.jpg,39e1d4b933b5c007418b952b5e98390d,moved,unclean/neysan/213802809.jpg
unclean/vanet/213961662.jpg,bbbf21c420d97a706b1b14955e06813b,moved,unclean/neysan/213961662.jpg
unclean/vanet/214354307.jpg,38b2de17094508b6a926ec7282691f0d,moved,unclean/neysan/214354307.jpg
unclean/vanet/214415720.jpg,4854316ab61bbf45d26698e602f3c7f0,moved,unclean/neysan/214415720.jpg
unclean/vanet/214543167.jpg,9a60baa6aebef668003a279de6cb752f,moved,unclean/neysan/214543167.jpg
unclean/vanet/214628303.jpg,efc6d7d85dc4c7217e68ba017816c626,moved,unclean/neysan/214628303.jpg
unclean/vanet/214704493.jpg,99c6d76f7d26e0bcc7dce3265bc0d32b,moved,unclean/neysan/214704493.jpg
unclean/vanet/214710884.jpg,cd95445300c6bfa8816b13dea5ec4ad7,moved,unclean/neysan/214710884.jpg
unclean/vanet/215055953.jpg,334403091a50ed34a9e3b67160408018,moved,unclean/neysan/215055953.jpg
unclean/vanet/215297064.jpg,265a2615e8543e73479dad4646e1bc4a,moved,unclean/neysan/215297064.jpg
unclean/vanet/215726436.jpg,9ee213ad3e3399be5d4b514a0222a856,moved,unclean/neysan/215726436.jpg
unclean/vanet/215780374.jpg,0b595551460b1d5c1dfafdb3cb9cb5c9,moved,unclean/neysan/215780374.jpg
unclean/vanet/215821681.jpg,fc52c219a80b438763cee36199340d51,moved,unclean/neysan/215821681.jpg
unclean/vanet/215880051.jpg,cd6f3f044d6b0354c5fbd559b565e4e2,moved,unclean/neysan/215880051.jpg
unclean/vanet/215976038.jpg,89a8148c83e5d7cb91952c25fa9349ec,moved,unclean/neysan/215976038.jpg
unclean/vanet/216085337.jpg,28f07a8db47ddced01a5560c66e01f92,moved,unclean/neysan/216085337.jpg
unclean/vanet/216119284.jpg,0ccb100d042910998b500de9b35af93b,moved,unclean/neysan/216119284.jpg
unclean/vanet/216245889.jpg,a8e871111cb9eb58938af9bb4cf75742,moved,unclean/neysan/216245889.jpg
unclean/vanet/216688804.jpg,882703ed269db0b16060ed7ce9ef9a78,moved,unclean/neysan/216688804.jpg
unclean/vanet/216752426.jpg,5f3c0af4f78ab530248f1405a1014db5,moved,unclean/neysan/216752426.jpg
unclean/vanet/216755502.jpg,3024ac99b0f6b878a773e24dbb32b75f,moved,unclean/neysan/216755502.jpg
unclean/vanet/217684475.jpg,82ada045a0bef2858bed4315965ae30b,moved,unclean/neysan/217684475.jpg
unclean/vanet/217770313.jpg,323cb7399cf530b20628ec8aef6269cd,moved,unclean/neysan/217770313.jpg
unclean/vanet/217961793.jpg,c0afcf3764fecae30bce7880fbf9ba1a,moved,unclean/neysan/217961793.jpg
unclean/vanet/218015373.jpg,b188d9d42f34b645203ec4a17d79df3b,moved,unclean/neysan/218015373.jpg
unclean/vanet/218187967.jpg,23a57af0af08533254f149555b84f13a,moved,unclean/neysan/218187967.jpg
unclean/vanet/218692911.jpg,8b7e68cb30b182563ccba17ba36a464a,moved,unclean/neysan/218692911.jpg
unclean/vanet/218701154.jpg,ae75d37a940f601f61a75b1712fb48e2,moved,unclean/neysan/218701154.jpg
unclean/vanet/218733711.jpg,2b19fc1ad09e82716144b93e5b7226b1,moved,unclean/neysan/218733711.jpg
unclean/vanet/218769882.jpg,735069029dffbf409e1cd91224d8b399,moved,unclean/neysan/218769882.jpg
unclean/vanet/218807829.jpg,9dd8aaf56e3d6137f327db4b36c9f5d5,moved,unclean/neysan/218807829.jpg
unclean/vanet/218879049.jpg,ab6de67c4d6724b58abda66a043ed53c,moved,unclean/neysan/218879049.jpg
unclean/vanet/218932038.jpg,4b3a0f9751f324f48e466541ecdadd90,moved,unclean/neysan/218932038.jpg
unclean/vanet/218984663.jpg,dd8419d9b4e7e4cef193157dcdb77d25,moved,unclean/neysan/218984663.jpg
