path,class,label,subset,group
train/ambulance/195939523.jpg,ambulance,0,train,0
train/ambulance/198727855.jpg,ambulance,0,train,1
train/ambulance/199031396.jpg,ambulance,0,train,2
train/ambulance/199587392.jpg,ambulance,0,train,3
train/ambulance/199659807.jpg,ambulance,0,val,4
train/ambulance/199984667.jpg,ambulance,0,train,5
train/ambulance/200011359.jpg,ambulance,0,val,6
train/ambulance/200805520.jpg,ambulance,0,train,7
train/ambulance/201107960.jpg,ambulance,0,train,8
train/ambulance/203158523.jpg,ambulance,0,train,9
train/ambulance/203539792.jpg,ambulance,0,train,10
train/ambulance/203829862.jpg,ambulance,0,train,11
train/ambulance/204215951.jpg,ambulance,0,train,12
train/ambulance/204227881.jpg,ambulance,0,val,13
train/ambulance/205326290.jpg,ambulance,0,train,14
train/ambulance/206000918.jpg,ambulance,0,train,15
train/ambulance/206174864.jpg,ambulance,0,train,16
train/ambulance/206808986.jpg,ambulance,0,train,17
train/ambulance/208466531.jpg,ambulance,0,train,18
train/ambulance/208738861.jpg,ambulance,0,train,19
train/ambulance/209441415.jpg,ambulance,0,train,20
train/ambulance/209741797.jpg,ambulance,0,val,21
train/ambulance/209817390.jpg,ambulance,0,train,22
train/ambulance/209819480.jpg,ambulance,0,val,23
train/ambulance/211623028.jpg,ambulance,0,val,24
train/ambulance/211676031.jpg,ambulance,0,train,25
train/ambulance/211786744.jpg,ambulance,0,train,26
train/ambulance/211940909.jpg,ambulance,0,train,27
train/ambulance/211966435.jpg,ambulance,0,train,28
train/ambulance/211996658.jpg,ambulance,0,val,29
train/ambulance/212007692.jpg,ambulance,0,train,30
train/ambulance/212181645.jpg,ambulance,0,train,31
train/ambulance/212409258.jpg,ambulance,0,train,32
train/ambulance/212750815.jpg,ambulance,0,train,33
train/ambulance/212822076.jpg,ambulance,0,val,34
train/ambulance/213029149.jpg,ambulance,0,train,35
train/ambulance/213064777.jpg,ambulance,0,val,36
train/ambulance/213283576.jpg,ambulance,0,train,37
train/ambulance/213342200.jpg,ambulance,0,train,38
train/ambulance/213357768.jpg,ambulance,0,train,39
train/ambulance/213490536.jpg,ambulance,0,train,40
train/ambulance/213801906.jpg,ambulance,0,val,41
train/ambulance/213805984.jpg,ambulance,0,train,42
train/ambulance/214162077.jpg,ambulance,0,val,43
train/ambulance/214354132.jpg,ambulance,0,val,44
train/ambulance/214358069.jpg,ambulance,0,val,45
train/ambulance/214425638.jpg,ambulance,0,train,46
train/ambulance/214485304.jpg,ambulance,0,val,47
train/ambulance/214491219.jpg,ambulance,0,train,48
train/ambulance/214493399.jpg,ambulance,0,train,49
train/ambulance/214587510.jpg,ambulance,0,train,50
train/ambulance/214641358.jpg,ambulance,0,train,51
train/ambulance/214715793.jpg,ambulance,0,train,52
train/ambulance/214725360.jpg,ambulance,0,val,53
train/ambulance/214784967.jpg,ambulance,0,train,54
train/ambulance/214803565.jpg,ambulance,0,train,55
train/ambulance/215086043.jpg,ambulance,0,train,56
train/ambulance/215101954.jpg,ambulance,0,val,57
train/ambulance/215162191.jpg,ambulance,0,train,58
train/ambulance/215455492.jpg,ambulance,0,train,59
train/ambulance/215691126.jpg,ambulance,0,train,60
train/ambulance/215731258.jpg,ambulance,0,train,61
train/ambulance/215767078.jpg,ambulance,0,val,62
train/ambulance/215775115.jpg,ambulance,0,train,63
train/ambulance/215799618.jpg,ambulance,0,train,64
train/ambulance/215890423.jpg,ambulance,0,train,65
train/ambulance/215895473.jpg,ambulance,0,train,66
train/ambulance/215922180.jpg,ambulance,0,val,67
train/ambulance/215998859.jpg,ambulance,0,train,68
train/ambulance/216005219.jpg,ambulance,0,train,69
train/ambulance/216013688.jpg,ambulance,0,train,70
train/ambulance/216018033.jpg,ambulance,0,val,71
train/ambulance/216019173.jpg,ambulance,0,train,72
train/ambulance/216026223.jpg,ambulance,0,train,73
train/ambulance/216029056.jpg,ambulance,0,train,74
train/ambulance/216035809.jpg,ambulance,0,train,75
train/ambulance/216048174.jpg,ambulance,0,train,76
train/ambulance/216059668.jpg,ambulance,0,train,77
train/ambulance/216066730.jpg,ambulance,0,train,78
train/ambulance/216077999.jpg,ambulance,0,train,79
train/ambulance/216092441.jpg,ambulance,0,train,80
train/ambulance/216105563.jpg,ambulance,0,train,81
train/ambulance/216113788.jpg,ambulance,0,train,82
train/ambulance/216118298.jpg,ambulance,0,val,83
train/ambulance/216128960.jpg,ambulance,0,train,84
train/ambulance/216143298.jpg,ambulance,0,train,85
train/ambulance/216146573.jpg,ambulance,0,train,86
train/ambulance/216152703.jpg,ambulance,0,train,87
train/ambulance/216157856.jpg,ambulance,0,train,88
train/ambulance/216216403.jpg,ambulance,0,train,89
train/ambulance/216224583.jpg,ambulance,0,train,90
train/ambulance/216232960.jpg,ambulance,0,train,91
train/ambulance/216242769.jpg,ambulance,0,train,92
train/ambulance/216256793.jpg,ambulance,0,train,93
train/ambulance/216287989.jpg,ambulance,0,train,94
train/ambulance/216379768.jpg,ambulance,0,val,95
train/ambulance/216400367.jpg,ambulance,0,train,96
train/ambulance/216447391.jpg,ambulance,0,val,97
train/ambulance/216449202.jpg,ambulance,0,train,98
train/ambulance/216527609.jpg,ambulance,0,train,99
train/ambulance/216533019.jpg,ambulance,0,train,100
train/ambulance/216561672.jpg,ambulance,0,train,101
train/ambulance/216612929.jpg,ambulance,0,train,102
train/ambulance/216657686.jpg,ambulance,0,train,103
train/ambulance/216657889.jpg,ambulance,0,train,104
train/ambulance/216673206.jpg,ambulance,0,train,105
train/ambulance/216753875.jpg,ambulance,0,train,106
train/ambulance/216765169.jpg,ambulance,0,val,107
train/ambulance/216773853.jpg,ambulance,0,train,108
train/ambulance/216777388.jpg,ambulance,0,val,109
train/ambulance/216780041.jpg,ambulance,0,train,110
train/ambulance/216816417.jpg,ambulance,0,train,111
train/ambulance/216820535.jpg,ambulance,0,train,112
train/ambulance/216834352.jpg,ambulance,0,train,113
train/ambulance/216840747.jpg,ambulance,0,val,114
train/ambulance/216843475.jpg,ambulance,0,val,115
train/ambulance/216864213.jpg,ambulance,0,train,116
train/ambulance/216903655.jpg,ambulance,0,train,117
train/ambulance/216915388.jpg,ambulance,0,val,118
train/ambulance/216951685.jpg,ambulance,0,train,119
train/ambulance/216952196.jpg,ambulance,0,val,120
train/ambulance/216959847.jpg,ambulance,0,train,121
train/ambulance/216974433.jpg,ambulance,0,train,122
train/ambulance/216983143.jpg,ambulance,0,train,123
train/ambulance/217037450.jpg,ambulance,0,train,124
train/ambulance/217043669.jpg,ambulance,0,train,125
train/ambulance/217088412.jpg,ambulance,0,val,126
train/ambulance/217119220.jpg,ambulance,0,train,127
train/ambulance/217150612.jpg,ambulance,0,train,128
train/ambulance/217155355.jpg,ambulance,0,val,129
train/ambulance/217206154.jpg,ambulance,0,train,130
train/ambulance/217208536.jpg,ambulance,0,train,131
train/ambulance/217209937.jpg,ambulance,0,val,132
train/ambulance/217226406.jpg,ambulance,0,train,133
train/ambulance/217250077.jpg,ambulance,0,val,134
train/ambulance/217302360.jpg,ambulance,0,train,135
train/ambulance/217323781.jpg,ambulance,0,train,136
train/ambulance/217324168.jpg,ambulance,0,train,137
train/ambulance/217381140.jpg,ambulance,0,train,138
train/ambulance/217402380.jpg,ambulance,0,train,139
train/ambulance/217402945.jpg,ambulance,0,train,140
train/ambulance/217447963.jpg,ambulance,0,train,141
train/ambulance/217477279.jpg,ambulance,0,train,142
train/ambulance/217477434.jpg,ambulance,0,train,143
train/ambulance/217480566.jpg,ambulance,0,train,144
train/ambulance/217496158.jpg,ambulance,0,train,145
train/ambulance/217497126.jpg,ambulance,0,train,146
train/ambulance/217499646.jpg,ambulance,0,train,147
train/ambulance/217504681.jpg,ambulance,0,train,148
train/ambulance/217506368.jpg,ambulance,0,train,149
train/ambulance/217526919.jpg,ambulance,0,train,150
train/ambulance/217541742.jpg,ambulance,0,train,151
train/ambulance/217551252.jpg,ambulance,0,train,152
train/ambulance/217570069.jpg,ambulance,0,train,153
train/ambulance/217579095.jpg,ambulance,0,train,154
train/ambulance/217584509.jpg,ambulance,0,train,155
train/ambulance/217652202.jpg,ambulance,0,train,156
train/ambulance/217697159.jpg,ambulance,0,val,157
train/ambulance/217727567.jpg,ambulance,0,train,158
train/ambulance/217785400.jpg,ambulance,0,train,159
train/ambulance/217814338.jpg,ambulance,0,train,160
train/ambulance/217825810.jpg,ambulance,0,train,161
train/ambulance/217888265.jpg,ambulance,0,train,162
train/ambulance/217910074.jpg,ambulance,0,train,163
train/ambulance/217940480.jpg,ambulance,0,train,164
train/ambulance/217986910.jpg,ambulance,0,train,165
train/ambulance/218036224.jpg,ambulance,0,train,166
train/ambulance/218078334.jpg,ambulance,0,train,167
train/ambulance/218119796.jpg,ambulance,0,train,168
train/ambulance/218153518.jpg,ambulance,0,val,169
train/ambulance/218191394.jpg,ambulance,0,val,170
train/ambulance/218193739.jpg,ambulance,0,val,171
train/ambulance/218204858.jpg,ambulance,0,train,172
train/ambulance/218244029.jpg,ambulance,0,train,173
train/ambulance/218249834.jpg,ambulance,0,val,174
train/ambulance/218254848.jpg,ambulance,0,train,175
train/ambulance/218266352.jpg,ambulance,0,train,176
train/ambulance/218289823.jpg,ambulance,0,train,177
train/ambulance/218289961.jpg,ambulance,0,val,178
train/ambulance/218308494.jpg,ambulance,0,train,179
train/ambulance/218315928.jpg,ambulance,0,train,180
train/ambulance/218316367.jpg,ambulance,0,train,181
train/ambulance/218332655.jpg,ambulance,0,train,182
train/ambulance/218339551.jpg,ambulance,0,train,183
train/ambulance/218343183.jpg,ambulance,0,train,184
train/ambulance/218353709.jpg,ambulance,0,train,185
train/ambulance/218384303.jpg,ambulance,0,train,186
train/ambulance/218420550.jpg,ambulance,0,train,187
train/ambulance/218506566.jpg,ambulance,0,train,188
train/ambulance/218591595.jpg,ambulance,0,train,189
train/ambulance/218621416.jpg,ambulance,0,val,190
train/ambulance/218659907.jpg,ambulance,0,train,191
train/ambulance/218673872.jpg,ambulance,0,train,192
train/ambulance/218676611.jpg,ambulance,0,train,193
train/ambulance/218701191.jpg,ambulance,0,train,194
train/ambulance/218702745.jpg,ambulance,0,train,195
train/ambulance/218705819.jpg,ambulance,0,val,196
train/ambulance/218729538.jpg,ambulance,0,train,197
train/ambulance/218737689.jpg,ambulance,0,train,198
train/ambulance/218808822.jpg,ambulance,0,train,199
train/ambulance/218811675.jpg,ambulance,0,train,200
train/ambulance/218816506.jpg,ambulance,0,train,201
train/ambulance/218819549.jpg,ambulance,0,val,202
train/ambulance/218819949.jpg,ambulance,0,train,203
train/ambulance/218820152.jpg,ambulance,0,val,204
train/ambulance/218852971.jpg,ambulance,0,train,205
train/ambulance/218916115.jpg,ambulance,0,train,206
train/ambulance/218966979.jpg,ambulance,0,val,207
train/ambulance/218975756.jpg,ambulance,0,train,208
train/ambulance/219006693.jpg,ambulance,0,train,209
train/ambulance/219023494.jpg,ambulance,0,train,210
train/ambulance/219025430.jpg,ambulance,0,train,211
train/ambulance/219046578.jpg,ambulance,0,train,212
train/ambulance/219058364.jpg,ambulance,0,train,213
train/ambulance/219078591.jpg,ambulance,0,train,214
train/ambulance/219090066.jpg,ambulance,0,train,215
train/ambulance/219103658.jpg,ambulance,0,train,216
train/ambulance/219110239.jpg,ambulance,0,val,217
train/ambulance/219123929.jpg,ambulance,0,train,218
train/autobus/193143598.jpg,autobus,1,train,219
train/autobus/193229239.jpg,autobus,1,train,220
train/autobus/193247490.jpg,autobus,1,val,221
train/autobus/193913981.jpg,autobus,1,train,222
train/autobus/193934570.jpg,autobus,1,train,223
train/autobus/193937509.jpg,autobus,1,train,224
train/autobus/194264789.jpg,autobus,1,train,225
train/autobus/194279229.jpg,autobus,1,val,226
train/autobus/194356888.jpg,autobus,1,train,227
train/autobus/194603835.jpg,autobus,1,train,228
train/autobus/194628481.jpg,autobus,1,val,229
train/autobus/195327944.jpg,autobus,1,train,230
train/autobus/195353874.jpg,autobus,1,train,231
train/autobus/195459397.jpg,autobus,1,train,232
train/autobus/195577230.jpg,autobus,1,train,233
train/autobus/195928852.jpg,autobus,1,train,234
train/autobus/195938542.jpg,autobus,1,val,235
train/autobus/196077431.jpg,autobus,1,train,236
train/autobus/196503008.jpg,autobus,1,val,237
train/autobus/196513999.jpg,autobus,1,train,238
train/autobus/196745624.jpg,autobus,1,val,239
train/autobus/197162771.jpg,autobus,1,train,240
train/autobus/198131550.jpg,autobus,1,train,241
train/autobus/198261344.jpg,autobus,1,val,242
train/autobus/198389317.jpg,autobus,1,train,243
train/autobus/198462591.jpg,autobus,1,train,244
train/autobus/198480054.jpg,autobus,1,train,245
train/autobus/198481791.jpg,autobus,1,train,246
train/autobus/198539778.jpg,autobus,1,train,247
train/autobus/199033958.jpg,autobus,1,train,248
train/autobus/199176140.jpg,autobus,1,train,249
train/autobus/199993161.jpg,autobus,1,train,250
train/autobus/200168649.jpg,autobus,1,train,251
train/autobus/202162316.jpg,autobus,1,train,252
train/autobus/203314263.jpg,autobus,1,train,253
train/autobus/205052162.jpg,autobus,1,val,254
train/autobus/205169590.jpg,autobus,1,train,255
train/autobus/205343679.jpg,autobus,1,val,256
train/autobus/208843464.jpg,autobus,1,train,257
train/autobus/208876395.jpg,autobus,1,train,258
train/autobus/209038128.jpg,autobus,1,train,259
train/autobus/209214397.jpg,autobus,1,train,260
train/autobus/209549928.jpg,autobus,1,train,261
train/autobus/210036680.jpg,autobus,1,val,262
train/autobus/210098742.jpg,autobus,1,val,263
train/autobus/210184901.jpg,autobus,1,train,264
train/autobus/210328665.jpg,autobus,1,train,265
train/autobus/210391171.jpg,autobus,1,train,266
train/autobus/210456615.jpg,autobus,1,train,267
train/autobus/210906540.jpg,autobus,1,train,268
train/autobus/211087357.jpg,autobus,1,train,269
train/autobus/211222927.jpg,autobus,1,train,270
train/autobus/211576935.jpg,autobus,1,train,271
train/autobus/211692128.jpg,autobus,1,val,272
train/autobus/211794766.jpg,autobus,1,train,273
train/autobus/212142265.jpg,autobus,1,train,274
train/autobus/212480288.jpg,autobus,1,val,275
train/autobus/212543172.jpg,autobus,1,val,276
train/autobus/212950745.jpg,autobus,1,val,277
train/autobus/213633279.jpg,autobus,1,train,278
train/autobus/213843804.jpg,autobus,1,train,279
train/autobus/213844436.jpg,autobus,1,train,280
train/autobus/214177928.jpg,autobus,1,train,281
train/autobus/214187028.jpg,autobus,1,val,282
train/autobus/214398398.jpg,autobus,1,train,283
train/autobus/214524163.jpg,autobus,1,val,284
train/autobus/214619456.jpg,autobus,1,train,285
train/autobus/214640760.jpg,autobus,1,train,286
train/autobus/214742657.jpg,autobus,1,train,287
train/autobus/214743978.jpg,autobus,1,val,288
train/autobus/214839567.jpg,autobus,1,train,289
train/autobus/215033304.jpg,autobus,1,train,290
train/autobus/215062637.jpg,autobus,1,train,291
train/autobus/215071661.jpg,autobus,1,val,292
train/autobus/215123839.jpg,autobus,1,val,293
train/autobus/215186162.jpg,autobus,1,train,294
train/autobus/215321465.jpg,autobus,1,train,295
train/autobus/215604362.jpg,autobus,1,train,296
train/autobus/215647197.jpg,autobus,1,train,297
train/autobus/215655037.jpg,autobus,1,val,298
train/autobus/215679623.jpg,autobus,1,train,299
train/autobus/215686284.jpg,autobus,1,train,300
train/autobus/215687278.jpg,autobus,1,train,301
train/autobus/215710303.jpg,autobus,1,train,302
train/autobus/215752917.jpg,autobus,1,train,303
train/autobus/215770203.jpg,autobus,1,train,304
train/autobus/215821118.jpg,autobus,1,train,305
train/autobus/215825621.jpg,autobus,1,train,306
train/autobus/215825639.jpg,autobus,1,train,307
train/autobus/215865900.jpg,autobus,1,val,308
train/autobus/215918108.jpg,autobus,1,train,309
train/autobus/215950476.jpg,autobus,1,val,310
train/autobus/215976846.jpg,autobus,1,train,311
train/autobus/215984332.jpg,autobus,1,train,312
train/autobus/215989839.jpg,autobus,1,train,313
train/autobus/215992943.jpg,autobus,1,train,314
train/autobus/216010159.jpg,autobus,1,train,315
train/autobus/216010502.jpg,autobus,1,train,316
train/autobus/216013650.jpg,autobus,1,train,317
train/autobus/216021441.jpg,autobus,1,val,318
train/autobus/216041425.jpg,autobus,1,train,319
train/autobus/216060637.jpg,autobus,1,val,320
train/autobus/216066402.jpg,autobus,1,train,321
train/autobus/216086152.jpg,autobus,1,train,322
train/autobus/216086604.jpg,autobus,1,train,323
train/autobus/216114758.jpg,autobus,1,train,324
train/autobus/216141785.jpg,autobus,1,train,325
train/autobus/216143998.jpg,autobus,1,train,326
train/autobus/216176130.jpg,autobus,1,train,327
train/autobus/216237770.jpg,autobus,1,train,328
train/autobus/216240222.jpg,autobus,1,val,329
train/autobus/216240847.jpg,autobus,1,train,330
train/autobus/216262792.jpg,autobus,1,train,331
train/autobus/216264423.jpg,autobus,1,train,332
train/autobus/216277099.jpg,autobus,1,train,333
train/autobus/216282397.jpg,autobus,1,train,334
train/autobus/216283106.jpg,autobus,1,train,335
train/autobus/216293919.jpg,autobus,1,train,336
train/autobus/216318824.jpg,autobus,1,train,337
train/autobus/216322942.jpg,autobus,1,val,338
train/autobus/216328773.jpg,autobus,1,train,339
train/autobus/216357066.jpg,autobus,1,train,340
train/autobus/216357327.jpg,autobus,1,val,341
train/autobus/216412255.jpg,autobus,1,train,342
train/autobus/216421304.jpg,autobus,1,train,343
train/autobus/216423047.jpg,autobus,1,train,344
train/autobus/216449385.jpg,autobus,1,train,345
train/autobus/216485879.jpg,autobus,1,train,346
train/autobus/216539622.jpg,autobus,1,train,347
train/autobus/216551484.jpg,autobus,1,val,348
train/autobus/216551896.jpg,autobus,1,train,349
train/autobus/216559230.jpg,autobus,1,train,350
train/autobus/216560648.jpg,autobus,1,train,351
train/autobus/216573141.jpg,autobus,1,train,352
train/autobus/216575324.jpg,autobus,1,train,353
train/autobus/216588181.jpg,autobus,1,train,354
train/autobus/216623717.jpg,autobus,1,train,355
train/autobus/216664450.jpg,autobus,1,val,356
train/autobus/216684204.jpg,autobus,1,train,357
train/autobus/216714407.jpg,autobus,1,train,358
train/autobus/216729767.jpg,autobus,1,train,359
train/autobus/216733258.jpg,autobus,1,train,360
train/autobus/216760038.jpg,autobus,1,train,361
train/autobus/216775502.jpg,autobus,1,train,362
train/autobus/216797527.jpg,autobus,1,train,363
train/autobus/216797653.jpg,autobus,1,train,364
train/autobus/216799890.jpg,autobus,1,train,365
train/autobus/216802875.jpg,autobus,1,train,366
train/autobus/216815620.jpg,autobus,1,train,367
train/autobus/216847640.jpg,autobus,1,train,368
train/autobus/216850693.jpg,autobus,1,train,369
train/autobus/216859234.jpg,autobus,1,train,370
train/autobus/216864238.jpg,autobus,1,val,371
train/autobus/216875964.jpg,autobus,1,train,372
train/autobus/216926734.jpg,autobus,1,val,373
train/autobus/216946113.jpg,autobus,1,train,374
train/autobus/216947005.jpg,autobus,1,train,375
train/autobus/216947535.jpg,autobus,1,train,376
train/autobus/216948140.jpg,autobus,1,train,377
train/autobus/217007978.jpg,autobus,1,train,378
train/autobus/217040529.jpg,autobus,1,val,379
train/autobus/217091265.jpg,autobus,1,train,380
train/autobus/217140059.jpg,autobus,1,train,381
train/autobus/217145661.jpg,autobus,1,val,382
train/autobus/217252048.jpg,autobus,1,val,383
train/autobus/217413615.jpg,autobus,1,train,384
train/autobus/217420553.jpg,autobus,1,train,385
train/autobus/217427229.jpg,autobus,1,train,386
train/autobus/217619978.jpg,autobus,1,train,387
train/autobus/217672139.jpg,autobus,1,train,388
train/autobus/217734773.jpg,autobus,1,train,389
train/autobus/217769175.jpg,autobus,1,train,390
train/autobus/217780130.jpg,autobus,1,train,349
train/autobus/217791047.jpg,autobus,1,train,391
train/autobus/217891763.jpg,autobus,1,train,392
train/autobus/217891887.jpg,autobus,1,train,393
train/autobus/217893775.jpg,autobus,1,val,394
train/autobus/217916961.jpg,autobus,1,train,395
train/autobus/217930382.jpg,autobus,1,train,396
train/autobus/217932299.jpg,autobus,1,val,397
train/autobus/217947174.jpg,autobus,1,train,398
train/autobus/217971815.jpg,autobus,1,train,399
train/autobus/217976090.jpg,autobus,1,train,400
train/autobus/217999167.jpg,autobus,1,val,401
train/autobus/217999498.jpg,autobus,1,train,402
train/autobus/218000072.jpg,autobus,1,train,403
train/autobus/218020051.jpg,autobus,1,val,404
train/autobus/218028529.jpg,autobus,1,train,405
train/autobus/218060093.jpg,autobus,1,train,406
train/autobus/218080642.jpg,autobus,1,train,407
train/autobus/218092463.jpg,autobus,1,train,408
train/autobus/218182608.jpg,autobus,1,train,409
train/autobus/218206926.jpg,autobus,1,val,410
train/autobus/218220108.jpg,autobus,1,train,411
train/autobus/218265944.jpg,autobus,1,train,412
train/autobus/218283778.jpg,autobus,1,train,413
train/autobus/218286526.jpg,autobus,1,train,414
train/autobus/218293611.jpg,autobus,1,train,415
train/autobus/218333729.jpg,autobus,1,train,416
train/autobus/218337345.jpg,autobus,1,train,417
train/autobus/218375514.jpg,autobus,1,train,418
train/autobus/218405590.jpg,autobus,1,train,419
train/autobus/218417318.jpg,autobus,1,train,420
train/autobus/218429535.jpg,autobus,1,train,421
train/autobus/218485526.jpg,autobus,1,train,422
train/autobus/218505266.jpg,autobus,1,train,423
train/autobus/218540163.jpg,autobus,1,train,424
train/autobus/218575882.jpg,autobus,1,train,425
train/autobus/218619004.jpg,autobus,1,val,426
train/autobus/218625583.jpg,autobus,1,train,380
train/autobus/218626877.jpg,autobus,1,train,427
train/autobus/218637584.jpg,autobus,1,train,428
train/autobus/218643529.jpg,autobus,1,train,429
train/autobus/218658621.jpg,autobus,1,train,430
train/autobus/218667916.jpg,autobus,1,train,431
train/autobus/218688301.jpg,autobus,1,train,432
train/autobus/218700576.jpg,autobus,1,train,433
train/autobus/218707877.jpg,autobus,1,val,434
train/autobus/218737303.jpg,autobus,1,train,435
train/autobus/218757064.jpg,autobus,1,train,436
train/autobus/218767971.jpg,autobus,1,train,437
train/autobus/218778454.jpg,autobus,1,train,438
train/autobus/218787299.jpg,autobus,1,val,439
train/autobus/218833342.jpg,autobus,1,val,440
train/autobus/218858569.jpg,autobus,1,train,441
train/autobus/218884742.jpg,autobus,1,val,442
train/autobus/218906989.jpg,autobus,1,train,443
train/autobus/218908275.jpg,autobus,1,val,444
train/autobus/218908823.jpg,autobus,1,train,445
train/autobus/218915919.jpg,autobus,1,train,446
train/autobus/218932432.jpg,autobus,1,train,447
train/autobus/218936050.jpg,autobus,1,train,448
train/autobus/218952897.jpg,autobus,1,train,408
train/autobus/218959354.jpg,autobus,1,train,449
train/autobus/218964750.jpg,autobus,1,val,450
train/autobus/218993616.jpg,autobus,1,train,451
train/autobus/218993999.jpg,autobus,1,train,452
train/autobus/219073679.jpg,autobus,1,val,453
train/autobus/219113041.jpg,autobus,1,train,454
train/kamyun/193062599.jpg,kamyun,2,train,455
train/kamyun/193568157.jpg,kamyun,2,train,456
train/kamyun/194260628.jpg,kamyun,2,train,457
train/kamyun/194280536.jpg,kamyun,2,train,458
train/kamyun/196384553.jpg,kamyun,2,train,459
train/kamyun/196530974.jpg,kamyun,2,train,460
train/kamyun/196943134.jpg,kamyun,2,train,461
train/kamyun/197116035.jpg,kamyun,2,val,462
train/kamyun/197346827.jpg,kamyun,2,val,463
train/kamyun/197654108.jpg,kamyun,2,train,464
train/kamyun/198081487.jpg,kamyun,2,train,465
train/kamyun/198086630.jpg,kamyun,2,train,466
train/kamyun/198229545.jpg,kamyun,2,train,467
train/kamyun/198591863.jpg,kamyun,2,train,468
train/kamyun/198661910.jpg,kamyun,2,train,469
train/kamyun/198712812.jpg,kamyun,2,train,470
train/kamyun/198923439.jpg,kamyun,2,train,471
train/kamyun/199172201.jpg,kamyun,2,val,472
train/kamyun/199185521.jpg,kamyun,2,train,473
train/kamyun/199213257.jpg,kamyun,2,train,474
train/kamyun/199511120.jpg,kamyun,2,train,475
train/kamyun/200170189.jpg,kamyun,2,train,476
train/kamyun/200333424.jpg,kamyun,2,train,477
train/kamyun/200464110.jpg,kamyun,2,train,478
train/kamyun/202031464.jpg,kamyun,2,train,479
train/kamyun/204655887.jpg,kamyun,2,val,480
train/kamyun/204958460.jpg,kamyun,2,train,481
train/kamyun/205757433.jpg,kamyun,2,train,482
train/kamyun/205760352.jpg,kamyun,2,train,483
train/kamyun/206930130.jpg,kamyun,2,train,484
train/kamyun/207402995.jpg,kamyun,2,train,485
train/kamyun/210109298.jpg,kamyun,2,val,486
train/kamyun/210622646.jpg,kamyun,2,val,487
train/kamyun/211105618.jpg,kamyun,2,train,488
train/kamyun/212538638.jpg,kamyun,2,val,489
train/kamyun/212656774.jpg,kamyun,2,train,490
train/kamyun/212770154.jpg,kamyun,2,train,491
train/kamyun/212828689.jpg,kamyun,2,train,492
train/kamyun/213506642.jpg,kamyun,2,val,493
train/kamyun/213816578.jpg,kamyun,2,train,494
train/kamyun/214363172.jpg,kamyun,2,train,495
train/kamyun/214372132.jpg,kamyun,2,train,496
train/kamyun/214617464.jpg,kamyun,2,train,497
train/kamyun/214713226.jpg,kamyun,2,train,498
train/kamyun/214772097.jpg,kamyun,2,train,499
train/kamyun/214789826.jpg,kamyun,2,val,500
train/kamyun/214831926.jpg,kamyun,2,val,501
train/kamyun/214834457.jpg,kamyun,2,val,502
train/kamyun/215059402.jpg,kamyun,2,train,503
train/kamyun/215099946.jpg,kamyun,2,train,504
train/kamyun/215113916.jpg,kamyun,2,train,505
train/kamyun/215119243.jpg,kamyun,2,train,506
train/kamyun/215121796.jpg,kamyun,2,train,507
train/kamyun/215121872.jpg,kamyun,2,train,508
train/kamyun/215572272.jpg,kamyun,2,train,509
train/kamyun/215575740.jpg,kamyun,2,train,510
train/kamyun/215580189.jpg,kamyun,2,train,511
train/kamyun/215581412.jpg,kamyun,2,train,512
train/kamyun/215614718.jpg,kamyun,2,train,513
train/kamyun/215628455.jpg,kamyun,2,val,514
train/kamyun/215635130.jpg,kamyun,2,train,515
train/kamyun/215635181.jpg,kamyun,2,train,516
train/kamyun/215673011.jpg,kamyun,2,val,517
train/kamyun/215716022.jpg,kamyun,2,val,518
train/kamyun/215725553.jpg,kamyun,2,train,519
train/kamyun/215744517.jpg,kamyun,2,train,520
train/kamyun/215753292.jpg,kamyun,2,train,521
train/kamyun/215760120.jpg,kamyun,2,val,522
train/kamyun/215771843.jpg,kamyun,2,train,523
train/kamyun/215772828.jpg,kamyun,2,train,524
train/kamyun/215789247.jpg,kamyun,2,train,525
train/kamyun/215792145.jpg,kamyun,2,train,526
train/kamyun/215825393.jpg,kamyun,2,train,527
train/kamyun/215871113.jpg,kamyun,2,train,528
train/kamyun/215888901.jpg,kamyun,2,train,529
train/kamyun/215893105.jpg,kamyun,2,train,530
train/kamyun/215912012.jpg,kamyun,2,train,531
train/kamyun/215925454.jpg,kamyun,2,train,532
train/kamyun/215933911.jpg,kamyun,2,val,533
train/kamyun/215953828.jpg,kamyun,2,train,534
train/kamyun/215970581.jpg,kamyun,2,train,535
train/kamyun/215975099.jpg,kamyun,2,train,536
train/kamyun/215989939.jpg,kamyun,2,train,537
train/kamyun/216021910.jpg,kamyun,2,train,538
train/kamyun/216040476.jpg,kamyun,2,train,539
train/kamyun/216045038.jpg,kamyun,2,val,540
train/kamyun/216062010.jpg,kamyun,2,train,541
train/kamyun/216086881.jpg,kamyun,2,train,542
train/kamyun/216114804.jpg,kamyun,2,train,543
train/kamyun/216130239.jpg,kamyun,2,train,544
train/kamyun/216133020.jpg,kamyun,2,train,545
train/kamyun/216147955.jpg,kamyun,2,train,546
train/kamyun/216173836.jpg,kamyun,2,val,547
train/kamyun/216181883.jpg,kamyun,2,train,548
train/kamyun/216184714.jpg,kamyun,2,train,549
train/kamyun/216224608.jpg,kamyun,2,train,550
train/kamyun/216295051.jpg,kamyun,2,val,551
train/kamyun/216297923.jpg,kamyun,2,train,552
train/kamyun/216317771.jpg,kamyun,2,train,553
train/kamyun/216319937.jpg,kamyun,2,train,554
train/kamyun/216419624.jpg,kamyun,2,train,555
train/kamyun/216432092.jpg,kamyun,2,train,556
train/kamyun/216432527.jpg,kamyun,2,train,557
train/kamyun/216476063.jpg,kamyun,2,train,558
train/kamyun/216479941.jpg,kamyun,2,train,559
train/kamyun/216522671.jpg,kamyun,2,train,560
train/kamyun/216525295.jpg,kamyun,2,train,561
train/kamyun/216530770.jpg,kamyun,2,val,562
train/kamyun/216556737.jpg,kamyun,2,train,563
train/kamyun/216591450.jpg,kamyun,2,train,564
train/kamyun/216599410.jpg,kamyun,2,val,565
train/kamyun/216697023.jpg,kamyun,2,train,566
train/kamyun/216710667.jpg,kamyun,2,val,567
train/kamyun/216740654.jpg,kamyun,2,train,568
train/kamyun/216801664.jpg,kamyun,2,train,569
train/kamyun/216822835.jpg,kamyun,2,val,570
train/kamyun/216830421.jpg,kamyun,2,train,571
train/kamyun/216835885.jpg,kamyun,2,train,572
train/kamyun/216847004.jpg,kamyun,2,val,573
train/kamyun/216850661.jpg,kamyun,2,train,574
train/kamyun/216857360.jpg,kamyun,2,train,575
train/kamyun/216879297.jpg,kamyun,2,train,576
train/kamyun/216902168.jpg,kamyun,2,train,577
train/kamyun/216945616.jpg,kamyun,2,train,578
train/kamyun/216963332.jpg,kamyun,2,val,579
train/kamyun/216965741.jpg,kamyun,2,train,580
train/kamyun/216977256.jpg,kamyun,2,train,581
train/kamyun/216984093.jpg,kamyun,2,train,582
train/kamyun/217007303.jpg,kamyun,2,train,583
train/kamyun/217007653.jpg,kamyun,2,train,584
train/kamyun/217012663.jpg,kamyun,2,train,585
train/kamyun/217042067.jpg,kamyun,2,train,586
train/kamyun/217067503.jpg,kamyun,2,val,587
train/kamyun/217170352.jpg,kamyun,2,train,588
train/kamyun/217204099.jpg,kamyun,2,train,589
train/kamyun/217219987.jpg,kamyun,2,train,590
train/kamyun/217274801.jpg,kamyun,2,val,591
train/kamyun/217314647.jpg,kamyun,2,train,592
train/kamyun/217362261.jpg,kamyun,2,train,593
train/kamyun/217404366.jpg,kamyun,2,train,594
train/kamyun/217447379.jpg,kamyun,2,val,595
train/kamyun/217685543.jpg,kamyun,2,val,596
train/kamyun/217758646.jpg,kamyun,2,val,597
train/kamyun/217791052.jpg,kamyun,2,val,598
train/kamyun/217798410.jpg,kamyun,2,train,599
train/kamyun/217824671.jpg,kamyun,2,train,600
train/kamyun/217826064.jpg,kamyun,2,train,601
train/kamyun/217917607.jpg,kamyun,2,train,602
train/kamyun/217935251.jpg,kamyun,2,train,603
train/kamyun/217939203.jpg,kamyun,2,train,604
train/kamyun/217955185.jpg,kamyun,2,train,605
train/kamyun/217960658.jpg,kamyun,2,train,606
train/kamyun/218000155.jpg,kamyun,2,train,607
train/kamyun/218018095.jpg,kamyun,2,train,608
train/kamyun/218018334.jpg,kamyun,2,val,609
train/kamyun/218043863.jpg,kamyun,2,val,610
train/kamyun/218104347.jpg,kamyun,2,train,611
train/kamyun/218146720.jpg,kamyun,2,train,612
train/kamyun/218161653.jpg,kamyun,2,train,613
train/kamyun/218181782.jpg,kamyun,2,train,614
train/kamyun/218187257.jpg,kamyun,2,train,615
train/kamyun/218231967.jpg,kamyun,2,train,616
train/kamyun/218240059.jpg,kamyun,2,train,617
train/kamyun/218259349.jpg,kamyun,2,train,618
train/kamyun/218279195.jpg,kamyun,2,train,619
train/kamyun/218320799.jpg,kamyun,2,train,620
train/kamyun/218352715.jpg,kamyun,2,train,621
train/kamyun/218431091.jpg,kamyun,2,val,622
train/kamyun/218464321.jpg,kamyun,2,train,623
train/kamyun/218465748.jpg,kamyun,2,train,624
train/kamyun/218528089.jpg,kamyun,2,train,625
train/kamyun/218555708.jpg,kamyun,2,train,626
train/kamyun/218558741.jpg,kamyun,2,train,627
train/kamyun/218562055.jpg,kamyun,2,train,628
train/kamyun/218562973.jpg,kamyun,2,train,629
train/kamyun/218585529.jpg,kamyun,2,train,630
train/kamyun/218586502.jpg,kamyun,2,val,631
train/kamyun/218594904.jpg,kamyun,2,val,632
train/kamyun/218626203.jpg,kamyun,2,val,633
train/kamyun/218644842.jpg,kamyun,2,train,634
train/kamyun/218662990.jpg,kamyun,2,train,635
train/kamyun/218665199.jpg,kamyun,2,val,636
train/kamyun/218697288.jpg,kamyun,2,train,637
train/kamyun/218698955.jpg,kamyun,2,train,638
train/kamyun/218706352.jpg,kamyun,2,train,639
train/kamyun/218714519.jpg,kamyun,2,train,640
train/kamyun/218715050.jpg,kamyun,2,train,641
train/kamyun/218719172.jpg,kamyun,2,train,642
train/kamyun/218722185.jpg,kamyun,2,train,643
train/kamyun/218725706.jpg,kamyun,2,train,644
train/kamyun/218728490.jpg,kamyun,2,train,645
train/kamyun/218729502.jpg,kamyun,2,train,646
train/kamyun/218733055.jpg,kamyun,2,train,647
train/kamyun/218753345.jpg,kamyun,2,train,648
train/kamyun/218760762.jpg,kamyun,2,val,649
train/kamyun/218764401.jpg,kamyun,2,val,650
train/kamyun/218778629.jpg,kamyun,2,train,651
train/kamyun/218793846.jpg,kamyun,2,train,652
train/kamyun/218812834.jpg,kamyun,2,val,653
train/kamyun/218827750.jpg,kamyun,2,train,654
train/kamyun/218828446.jpg,kamyun,2,train,655
train/kamyun/218833324.jpg,kamyun,2,train,656
train/kamyun/218833657.jpg,kamyun,2,train,657
train/kamyun/218843937.jpg,kamyun,2,train,658
train/kamyun/218851819.jpg,kamyun,2,train,659
train/kamyun/218855953.jpg,kamyun,2,train,660
train/kamyun/218884618.jpg,kamyun,2,train,661
train/kamyun/218929209.jpg,kamyun,2,train,662
train/kamyun/218951158.jpg,kamyun,2,val,663
train/kamyun/218963215.jpg,kamyun,2,train,664
train/kamyun/218967036.jpg,kamyun,2,train,665
train/kamyun/218970183.jpg,kamyun,2,val,666
train/kamyun/218977616.jpg,kamyun,2,train,667
train/kamyun/218979754.jpg,kamyun,2,train,668
train/kamyun/218998994.jpg,kamyun,2,train,669
train/kamyun/219000438.jpg,kamyun,2,train,670
train/kamyun/219027696.jpg,kamyun,2,train,671
train/kamyun/219064884.jpg,kamyun,2,train,672
train/kamyun/219095831.jpg,kamyun,2,train,673
train/kamyun/219107667.jpg,kamyun,2,train,674
train/kamyun/219126289.jpg,kamyun,2,val,675
train/kamyunet/193171555.jpg,kamyunet,3,train,676
train/kamyunet/193234027.jpg,kamyunet,3,train,677
train/kamyunet/193372049.jpg,kamyunet,3,train,678
train/kamyunet/193903806.jpg,kamyunet,3,train,679
train/kamyunet/194252891.jpg,kamyunet,3,val,680
train/kamyunet/194270924.jpg,kamyunet,3,train,681
train/kamyunet/194277690.jpg,kamyunet,3,train,682
train/kamyunet/194278256.jpg,kamyunet,3,train,683
train/kamyunet/195219977.jpg,kamyunet,3,train,684
train/kamyunet/195578789.jpg,kamyunet,3,train,685
train/kamyunet/195670551.jpg,kamyunet,3,train,686
train/kamyunet/195923707.jpg,kamyunet,3,train,687
train/kamyunet/196412320.jpg,kamyunet,3,train,688
train/kamyunet/197387270.jpg,kamyunet,3,val,689
train/kamyunet/197510266.jpg,kamyunet,3,train,690
train/kamyunet/197524191.jpg,kamyunet,3,val,691
train/kamyunet/197919393.jpg,kamyunet,3,train,692
train/kamyunet/198119425.jpg,kamyunet,3,train,693
train/kamyunet/198199671.jpg,kamyunet,3,train,694
train/kamyunet/198247089.jpg,kamyunet,3,val,695
train/kamyunet/198438253.jpg,kamyunet,3,train,696
train/kamyunet/198458220.jpg,kamyunet,3,train,697
train/kamyunet/198810534.jpg,kamyunet,3,train,698
train/kamyunet/199179018.jpg,kamyunet,3,train,699
train/kamyunet/199644443.jpg,kamyunet,3,train,700
train/kamyunet/199773210.jpg,kamyunet,3,train,701
train/kamyunet/200359181.jpg,kamyunet,3,train,702
train/kamyunet/200413006.jpg,kamyunet,3,train,703
train/kamyunet/200460350.jpg,kamyunet,3,train,704
train/kamyunet/200467078.jpg,kamyunet,3,train,705
train/kamyunet/201179873.jpg,kamyunet,3,train,706
train/kamyunet/201261809.jpg,kamyunet,3,val,707
train/kamyunet/202188960.jpg,kamyunet,3,val,708
train/kamyunet/202198620.jpg,kamyunet,3,train,709
train/kamyunet/202691204.jpg,kamyunet,3,train,710
train/kamyunet/205077309.jpg,kamyunet,3,train,711
train/kamyunet/205403787.jpg,kamyunet,3,val,712
train/kamyunet/205841640.jpg,kamyunet,3,val,713
train/kamyunet/206174596.jpg,kamyunet,3,train,714
train/kamyunet/206542315.jpg,kamyunet,3,train,715
train/kamyunet/208830517.jpg,kamyunet,3,val,716
train/kamyunet/208870069.jpg,kamyunet,3,val,717
train/kamyunet/209541758.jpg,kamyunet,3,train,718
train/kamyunet/209546498.jpg,kamyunet,3,val,719
train/kamyunet/209724949.jpg,kamyunet,3,train,720
train/kamyunet/210064050.jpg,kamyunet,3,train,721
train/kamyunet/210099989.jpg,kamyunet,3,train,722
train/kamyunet/210127639.jpg,kamyunet,3,val,723
train/kamyunet/210504161.jpg,kamyunet,3,train,724
train/kamyunet/210749256.jpg,kamyunet,3,val,725
train/kamyunet/211358345.jpg,kamyunet,3,train,726
train/kamyunet/212033747.jpg,kamyunet,3,val,727
train/kamyunet/212046691.jpg,kamyunet,3,train,728
train/kamyunet/212119384.jpg,kamyunet,3,train,729
train/kamyunet/212928506.jpg,kamyunet,3,train,730
train/kamyunet/213311124.jpg,kamyunet,3,val,731
train/kamyunet/213332262.jpg,kamyunet,3,train,732
train/kamyunet/213479569.jpg,kamyunet,3,train,733
train/kamyunet/213481023.jpg,kamyunet,3,train,734
train/kamyunet/213482233.jpg,kamyunet,3,train,735
train/kamyunet/214284950.jpg,kamyunet,3,train,736
train/kamyunet/214285219.jpg,kamyunet,3,train,737
train/kamyunet/214321010.jpg,kamyunet,3,train,738
train/kamyunet/214358573.jpg,kamyunet,3,train,739
train/kamyunet/214641253.jpg,kamyunet,3,train,740
train/kamyunet/214657348.jpg,kamyunet,3,train,741
train/kamyunet/214773624.jpg,kamyunet,3,train,742
train/kamyunet/214845535.jpg,kamyunet,3,train,743
train/kamyunet/214925670.jpg,kamyunet,3,train,744
train/kamyunet/215104341.jpg,kamyunet,3,train,745
train/kamyunet/215175729.jpg,kamyunet,3,train,746
train/kamyunet/215188569.jpg,kamyunet,3,train,747
train/kamyunet/215242068.jpg,kamyunet,3,train,748
train/kamyunet/215286925.jpg,kamyunet,3,train,749
train/kamyunet/215345300.jpg,kamyunet,3,train,750
train/kamyunet/215569282.jpg,kamyunet,3,val,751
train/kamyunet/215589180.jpg,kamyunet,3,val,752
train/kamyunet/215600811.jpg,kamyunet,3,train,753
train/kamyunet/215612697.jpg,kamyunet,3,train,754
train/kamyunet/215613977.jpg,kamyunet,3,train,755
train/kamyunet/215618855.jpg,kamyunet,3,train,756
train/kamyunet/215671765.jpg,kamyunet,3,train,757
train/kamyunet/215685158.jpg,kamyunet,3,train,758
train/kamyunet/215687118.jpg,kamyunet,3,train,759
train/kamyunet/215687961.jpg,kamyunet,3,val,760
train/kamyunet/215692883.jpg,kamyunet,3,train,761
train/kamyunet/215699541.jpg,kamyunet,3,train,762
train/kamyunet/215708185.jpg,kamyunet,3,val,763
train/kamyunet/215721968.jpg,kamyunet,3,train,764
train/kamyunet/215756767.jpg,kamyunet,3,train,765
train/kamyunet/215757279.jpg,kamyunet,3,train,766
train/kamyunet/215780691.jpg,kamyunet,3,train,767
train/kamyunet/215789530.jpg,kamyunet,3,train,768
train/kamyunet/215795207.jpg,kamyunet,3,train,769
train/kamyunet/215801211.jpg,kamyunet,3,train,770
train/kamyunet/215829451.jpg,kamyunet,3,train,771
train/kamyunet/215839717.jpg,kamyunet,3,train,772
train/kamyunet/215847280.jpg,kamyunet,3,train,773
train/kamyunet/215862632.jpg,kamyunet,3,train,774
train/kamyunet/215884288.jpg,kamyunet,3,train,775
train/kamyunet/215904707.jpg,kamyunet,3,train,776
train/kamyunet/215906129.jpg,kamyunet,3,val,777
train/kamyunet/215916570.jpg,kamyunet,3,train,778
train/kamyunet/215917528.jpg,kamyunet,3,train,779
train/kamyunet/215946155.jpg,kamyunet,3,val,780
train/kamyunet/215951406.jpg,kamyunet,3,train,781
train/kamyunet/215951709.jpg,kamyunet,3,train,782
train/kamyunet/215961412.jpg,kamyunet,3,train,783
train/kamyunet/216006559.jpg,kamyunet,3,train,784
train/kamyunet/216008162.jpg,kamyunet,3,train,785
train/kamyunet/216010811.jpg,kamyunet,3,train,786
train/kamyunet/216019031.jpg,kamyunet,3,train,787
train/kamyunet/216022236.jpg,kamyunet,3,train,788
train/kamyunet/216026504.jpg,kamyunet,3,val,789
train/kamyunet/216027967.jpg,kamyunet,3,val,790
train/kamyunet/216030677.jpg,kamyunet,3,train,791
train/kamyunet/216038703.jpg,kamyunet,3,train,792
train/kamyunet/216039206.jpg,kamyunet,3,train,793
train/kamyunet/216039996.jpg,kamyunet,3,train,794
train/kamyunet/216045870.jpg,kamyunet,3,train,795
train/kamyunet/216048837.jpg,kamyunet,3,train,796
train/kamyunet/216071433.jpg,kamyunet,3,train,797
train/kamyunet/216084425.jpg,kamyunet,3,val,798
train/kamyunet/216088991.jpg,kamyunet,3,train,799
train/kamyunet/216104417.jpg,kamyunet,3,train,800
train/kamyunet/216158404.jpg,kamyunet,3,train,801
train/kamyunet/216293604.jpg,kamyunet,3,val,802
train/kamyunet/216318337.jpg,kamyunet,3,train,803
train/kamyunet/216417572.jpg,kamyunet,3,train,804
train/kamyunet/216433007.jpg,kamyunet,3,train,805
train/kamyunet/216447524.jpg,kamyunet,3,train,806
train/kamyunet/216483357.jpg,kamyunet,3,train,807
train/kamyunet/216491496.jpg,kamyunet,3,train,808
train/kamyunet/216538122.jpg,kamyunet,3,val,809
train/kamyunet/216539171.jpg,kamyunet,3,train,810
train/kamyunet/216561920.jpg,kamyunet,3,train,811
train/kamyunet/216563794.jpg,kamyunet,3,train,812
train/kamyunet/216578494.jpg,kamyunet,3,train,813
train/kamyunet/216581893.jpg,kamyunet,3,train,814
train/kamyunet/216589057.jpg,kamyunet,3,train,815
train/kamyunet/216618023.jpg,kamyunet,3,train,816
train/kamyunet/216625819.jpg,kamyunet,3,train,817
train/kamyunet/216628238.jpg,kamyunet,3,val,818
train/kamyunet/216646196.jpg,kamyunet,3,train,819
train/kamyunet/216648866.jpg,kamyunet,3,train,820
train/kamyunet/216733938.jpg,kamyunet,3,train,821
train/kamyunet/216738258.jpg,kamyunet,3,train,822
train/kamyunet/216769772.jpg,kamyunet,3,train,823
train/kamyunet/216779337.jpg,kamyunet,3,train,824
train/kamyunet/216808886.jpg,kamyunet,3,train,825
train/kamyunet/216832169.jpg,kamyunet,3,train,826
train/kamyunet/216833735.jpg,kamyunet,3,val,827
train/kamyunet/216854381.jpg,kamyunet,3,train,828
train/kamyunet/216864100.jpg,kamyunet,3,train,829
train/kamyunet/216909763.jpg,kamyunet,3,train,830
train/kamyunet/216934910.jpg,kamyunet,3,train,831
train/kamyunet/216964385.jpg,kamyunet,3,train,832
train/kamyunet/216973054.jpg,kamyunet,3,train,833
train/kamyunet/216984996.jpg,kamyunet,3,train,834
train/kamyunet/217008914.jpg,kamyunet,3,train,835
train/kamyunet/217031973.jpg,kamyunet,3,train,836
train/kamyunet/217054200.jpg,kamyunet,3,val,837
train/kamyunet/217054853.jpg,kamyunet,3,val,838
train/kamyunet/217064296.jpg,kamyunet,3,val,839
train/kamyunet/217140921.jpg,kamyunet,3,val,840
train/kamyunet/217143476.jpg,kamyunet,3,train,841
train/kamyunet/217156552.jpg,kamyunet,3,train,842
train/kamyunet/217185484.jpg,kamyunet,3,train,843
train/kamyunet/217189003.jpg,kamyunet,3,train,844
train/kamyunet/217193298.jpg,kamyunet,3,train,845
train/kamyunet/217194325.jpg,kamyunet,3,train,846
train/kamyunet/217199468.jpg,kamyunet,3,train,847
train/kamyunet/217202775.jpg,kamyunet,3,train,848
train/kamyunet/217203031.jpg,kamyunet,3,train,849
train/kamyunet/217203351.jpg,kamyunet,3,train,850
train/kamyunet/217206646.jpg,kamyunet,3,train,851
train/kamyunet/217328161.jpg,kamyunet,3,train,852
train/kamyunet/217341470.jpg,kamyunet,3,train,853
train/kamyunet/217381231.jpg,kamyunet,3,val,854
train/kamyunet/217425322.jpg,kamyunet,3,val,855
train/kamyunet/217624081.jpg,kamyunet,3,val,856
train/kamyunet/217743945.jpg,kamyunet,3,train,857
train/kamyunet/217760085.jpg,kamyunet,3,val,858
train/kamyunet/217762819.jpg,kamyunet,3,train,859
train/kamyunet/217763231.jpg,kamyunet,3,train,860
train/kamyunet/217780037.jpg,kamyunet,3,val,861
train/kamyunet/217795203.jpg,kamyunet,3,val,862
train/kamyunet/217800606.jpg,kamyunet,3,train,863
train/kamyunet/217807697.jpg,kamyunet,3,train,864
train/kamyunet/217859902.jpg,kamyunet,3,train,865
train/kamyunet/217914514.jpg,kamyunet,3,train,866
train/kamyunet/217948136.jpg,kamyunet,3,train,867
train/kamyunet/217957818.jpg,kamyunet,3,train,868
train/kamyunet/217958045.jpg,kamyunet,3,train,869
train/kamyunet/217970390.jpg,kamyunet,3,train,870
train/kamyunet/217986709.jpg,kamyunet,3,train,871
train/kamyunet/217999922.jpg,kamyunet,3,train,872
train/kamyunet/218020793.jpg,kamyunet,3,val,873
train/kamyunet/218063376.jpg,kamyunet,3,train,874
train/kamyunet/218063876.jpg,kamyunet,3,train,875
train/kamyunet/218064792.jpg,kamyunet,3,train,876
train/kamyunet/218065087.jpg,kamyunet,3,train,877
train/kamyunet/218071562.jpg,kamyunet,3,train,878
train/kamyunet/218130006.jpg,kamyunet,3,train,879
train/kamyunet/218137882.jpg,kamyunet,3,train,880
train/kamyunet/218154755.jpg,kamyunet,3,train,881
train/kamyunet/218166349.jpg,kamyunet,3,train,882
train/kamyunet/218178501.jpg,kamyunet,3,train,883
train/kamyunet/218206459.jpg,kamyunet,3,train,884
train/kamyunet/218324130.jpg,kamyunet,3,val,885
train/kamyunet/218324880.jpg,kamyunet,3,train,886
train/kamyunet/218367749.jpg,kamyunet,3,train,887
train/kamyunet/218410038.jpg,kamyunet,3,train,888
train/kamyunet/218482181.jpg,kamyunet,3,train,889
train/kamyunet/218532550.jpg,kamyunet,3,val,890
train/kamyunet/218541002.jpg,kamyunet,3,val,891
train/kamyunet/218583813.jpg,kamyunet,3,train,892
train/kamyunet/218587067.jpg,kamyunet,3,val,893
train/kamyunet/218596985.jpg,kamyunet,3,train,894
train/kamyunet/218624593.jpg,kamyunet,3,train,895
train/kamyunet/218683897.jpg,kamyunet,3,train,896
train/kamyunet/218712588.jpg,kamyunet,3,train,897
train/kamyunet/218713895.jpg,kamyunet,3,train,898
train/kamyunet/218716430.jpg,kamyunet,3,train,899
train/kamyunet/218719693.jpg,kamyunet,3,val,900
train/kamyunet/218720188.jpg,kamyunet,3,val,901
train/kamyunet/218723178.jpg,kamyunet,3,train,902
train/kamyunet/218726050.jpg,kamyunet,3,train,903
train/kamyunet/218727216.jpg,kamyunet,3,train,904
train/kamyunet/218756122.jpg,kamyunet,3,train,905
train/kamyunet/218756357.jpg,kamyunet,3,train,906
train/kamyunet/218777039.jpg,kamyunet,3,val,907
train/kamyunet/218804420.jpg,kamyunet,3,train,908
train/kamyunet/218813969.jpg,kamyunet,3,train,909
train/kamyunet/218825517.jpg,kamyunet,3,train,910
train/kamyunet/218839669.jpg,kamyunet,3,train,911
train/kamyunet/218866893.jpg,kamyunet,3,train,912
train/kamyunet/218872188.jpg,kamyunet,3,val,913
train/kamyunet/218878704.jpg,kamyunet,3,train,914
train/kamyunet/218892809.jpg,kamyunet,3,train,915
train/kamyunet/218906168.jpg,kamyunet,3,train,916
train/kamyunet/218935445.jpg,kamyunet,3,val,917
train/kamyunet/218936367.jpg,kamyunet,3,val,918
train/kamyunet/218946635.jpg,kamyunet,3,train,919
train/kamyunet/218948404.jpg,kamyunet,3,train,920
train/kamyunet/218963223.jpg,kamyunet,3,val,921
train/kamyunet/218965460.jpg,kamyunet,3,train,922
train/kamyunet/218973447.jpg,kamyunet,3,train,923
train/kamyunet/218974741.jpg,kamyunet,3,train,924
train/kamyunet/218983938.jpg,kamyunet,3,train,925
train/kamyunet/218984358.jpg,kamyunet,3,train,926
train/kamyunet/218984813.jpg,kamyunet,3,val,927
train/kamyunet/219002808.jpg,kamyunet,3,train,928
train/kamyunet/219008632.jpg,kamyunet,3,train,929
train/kamyunet/219008707.jpg,kamyunet,3,val,930
train/kamyunet/219011995.jpg,kamyunet,3,train,931
train/kamyunet/219017445.jpg,kamyunet,3,train,932
train/kamyunet/219021636.jpg,kamyunet,3,train,933
train/kamyunet/219055863.jpg,kamyunet,3,train,934
train/kamyunet/219057756.jpg,kamyunet,3,val,935
train/kamyunet/219060424.jpg,kamyunet,3,train,936
train/kamyunet/219069952.jpg,kamyunet,3,train,937
train/kamyunet/219070364.jpg,kamyunet,3,train,938
train/kamyunet/219082928.jpg,kamyunet,3,train,939
train/kamyunet/219114546.jpg,kamyunet,3,train,940
train/kamyunet/219118055.jpg,kamyunet,3,train,941
train/kamyunet/219120783.jpg,kamyunet,3,train,942
train/minibus/193167614.jpg,minibus,4,train,943
train/minibus/193880181.jpg,minibus,4,train,944
train/minibus/193927778.jpg,minibus,4,train,945
train/minibus/194601918.jpg,minibus,4,train,946
train/minibus/195315678.jpg,minibus,4,train,947
train/minibus/195315739.jpg,minibus,4,train,948
train/minibus/195644491.jpg,minibus,4,train,949
train/minibus/196234914.jpg,minibus,4,val,950
train/minibus/196261888.jpg,minibus,4,val,951
train/minibus/196385182.jpg,minibus,4,train,952
train/minibus/196386397.jpg,minibus,4,train,953
train/minibus/196752594.jpg,minibus,4,train,954
train/minibus/197142055.jpg,minibus,4,train,955
train/minibus/197490596.jpg,minibus,4,val,956
train/minibus/197855728.jpg,minibus,4,train,957
train/minibus/197892143.jpg,minibus,4,train,958
train/minibus/198084245.jpg,minibus,4,train,959
train/minibus/198108578.jpg,minibus,4,train,960
train/minibus/198331521.jpg,minibus,4,train,961
train/minibus/198398123.jpg,minibus,4,val,962
train/minibus/198432863.jpg,minibus,4,train,963
train/minibus/198466093.jpg,minibus,4,train,964
train/minibus/198472825.jpg,minibus,4,train,965
train/minibus/198508755.jpg,minibus,4,train,966
train/minibus/198885269.jpg,minibus,4,val,967
train/minibus/198885299.jpg,minibus,4,train,968
train/minibus/199981262.jpg,minibus,4,val,969
train/minibus/200463401.jpg,minibus,4,train,970
train/minibus/201364864.jpg,minibus,4,train,971
train/minibus/202222574.jpg,minibus,4,train,972
train/minibus/202350769.jpg,minibus,4,train,973
train/minibus/203237495.jpg,minibus,4,train,974
train/minibus/203238526.jpg,minibus,4,val,975
train/minibus/203404935.jpg,minibus,4,train,976
train/minibus/203677139.jpg,minibus,4,train,977
train/minibus/204463987.jpg,minibus,4,train,978
train/minibus/205737488.jpg,minibus,4,train,979
train/minibus/205763607.jpg,minibus,4,train,980
train/minibus/205808255.jpg,minibus,4,train,988
train/minibus/205855305.jpg,minibus,4,train,981
train/minibus/205866523.jpg,minibus,4,train,982
train/minibus/205924190.jpg,minibus,4,train,983
train/minibus/205924423.jpg,minibus,4,train,984
train/minibus/205925887.jpg,minibus,4,val,985
train/minibus/205929260.jpg,minibus,4,train,986
train/minibus/205929471.jpg,minibus,4,train,987
train/minibus/205930284.jpg,minibus,4,train,988
train/minibus/205936989.jpg,minibus,4,train,988
train/minibus/205940443.jpg,minibus,4,val,989
train/minibus/205941203.jpg,minibus,4,val,990
train/minibus/205941237.jpg,minibus,4,val,991
train/minibus/205942181.jpg,minibus,4,train,992
train/minibus/205942776.jpg,minibus,4,train,993
train/minibus/205944778.jpg,minibus,4,train,994
train/minibus/206058953.jpg,minibus,4,val,995
train/minibus/206066058.jpg,minibus,4,train,996
train/minibus/206067532.jpg,minibus,4,train,997
train/minibus/206121407.jpg,minibus,4,train,998
train/minibus/206169936.jpg,minibus,4,train,999
train/minibus/206172277.jpg,minibus,4,val,1000
train/minibus/206185314.jpg,minibus,4,train,1001
train/minibus/206186624.jpg,minibus,4,train,1002
train/minibus/206188796.jpg,minibus,4,train,1003
train/minibus/206193278.jpg,minibus,4,train,1004
train/minibus/206253264.jpg,minibus,4,val,1005
train/minibus/206606436.jpg,minibus,4,train,1006
train/minibus/207309597.jpg,minibus,4,train,1007
train/minibus/208050952.jpg,minibus,4,train,1008
train/minibus/209781589.jpg,minibus,4,train,1009
train/minibus/210099617.jpg,minibus,4,train,1010
train/minibus/210100594.jpg,minibus,4,train,1011
train/minibus/210102531.jpg,minibus,4,train,1012
train/minibus/210105535.jpg,minibus,4,val,1013
train/minibus/210108171.jpg,minibus,4,val,1014
train/minibus/210125671.jpg,minibus,4,val,1015
train/minibus/210170230.jpg,minibus,4,train,1016
train/minibus/210270715.jpg,minibus,4,train,1017
train/minibus/212142103.jpg,minibus,4,train,1018
train/minibus/213030257.jpg,minibus,4,val,1019
train/minibus/213204770.jpg,minibus,4,train,1020
train/minibus/214045254.jpg,minibus,4,train,1021
train/minibus/214381211.jpg,minibus,4,train,1022
train/minibus/214620434.jpg,minibus,4,val,1023
train/minibus/214672749.jpg,minibus,4,val,1024
train/minibus/214730971.jpg,minibus,4,train,1025
train/minibus/214734110.jpg,minibus,4,train,1026
train/minibus/214762035.jpg,minibus,4,train,1027
train/minibus/214795141.jpg,minibus,4,train,1028
train/minibus/214810628.jpg,minibus,4,val,1029
train/minibus/214813678.jpg,minibus,4,val,1030
train/minibus/214823637.jpg,minibus,4,train,1031
train/minibus/215113899.jpg,minibus,4,val,1032
train/minibus/215143612.jpg,minibus,4,train,1033
train/minibus/215155081.jpg,minibus,4,val,1034
train/minibus/215180805.jpg,minibus,4,train,1035
train/minibus/215329984.jpg,minibus,4,train,1036
train/minibus/215508288.jpg,minibus,4,train,1037
train/minibus/215533576.jpg,minibus,4,train,1038
train/minibus/215585136.jpg,minibus,4,train,1039
train/minibus/215610138.jpg,minibus,4,train,1040
train/minibus/215666828.jpg,minibus,4,train,1041
train/minibus/215690344.jpg,minibus,4,train,1042
train/minibus/215694184.jpg,minibus,4,train,1043
train/minibus/215703743.jpg,minibus,4,train,1044
train/minibus/215716513.jpg,minibus,4,train,1045
train/minibus/215721654.jpg,minibus,4,val,1046
train/minibus/215722954.jpg,minibus,4,train,1047
train/minibus/215726997.jpg,minibus,4,train,1048
train/minibus/215743713.jpg,minibus,4,train,1049
train/minibus/215763336.jpg,minibus,4,val,1050
train/minibus/215772197.jpg,minibus,4,val,1051
train/minibus/215772762.jpg,minibus,4,train,1052
train/minibus/215773477.jpg,minibus,4,train,1053
train/minibus/215777882.jpg,minibus,4,val,1054
train/minibus/215779776.jpg,minibus,4,train,1055
train/minibus/215836229.jpg,minibus,4,train,1056
train/minibus/215857913.jpg,minibus,4,train,1057
train/minibus/215890147.jpg,minibus,4,train,1058
train/minibus/215913440.jpg,minibus,4,train,1059
train/minibus/215934908.jpg,minibus,4,train,1060
train/minibus/215945358.jpg,minibus,4,train,1061
train/minibus/215984229.jpg,minibus,4,val,1062
train/minibus/215985546.jpg,minibus,4,train,1063
train/minibus/215989638.jpg,minibus,4,train,1064
train/minibus/215989811.jpg,minibus,4,train,1065
train/minibus/216003886.jpg,minibus,4,train,1066
train/minibus/216024184.jpg,minibus,4,train,1067
train/minibus/216034562.jpg,minibus,4,train,1068
train/minibus/216044266.jpg,minibus,4,train,1069
train/minibus/216077073.jpg,minibus,4,val,1070
train/minibus/216088632.jpg,minibus,4,train,1063
train/minibus/216102563.jpg,minibus,4,train,1071
train/minibus/216106217.jpg,minibus,4,train,1072
train/minibus/216115253.jpg,minibus,4,train,1073
train/minibus/216127047.jpg,minibus,4,train,1074
train/minibus/216127555.jpg,minibus,4,train,1075
train/minibus/216147129.jpg,minibus,4,train,1076
train/minibus/216166252.jpg,minibus,4,train,1077
train/minibus/216184596.jpg,minibus,4,train,1078
train/minibus/216326170.jpg,minibus,4,val,1079
train/minibus/216405073.jpg,minibus,4,train,1080
train/minibus/216419649.jpg,minibus,4,train,1081
train/minibus/216427737.jpg,minibus,4,train,1082
train/minibus/216428820.jpg,minibus,4,train,1083
train/minibus/216465953.jpg,minibus,4,train,1084
train/minibus/216496687.jpg,minibus,4,train,1085
train/minibus/216566437.jpg,minibus,4,train,1086
train/minibus/216616255.jpg,minibus,4,train,1087
train/minibus/216631528.jpg,minibus,4,train,1088
train/minibus/216667781.jpg,minibus,4,train,1089
train/minibus/216680958.jpg,minibus,4,train,1090
train/minibus/216735501.jpg,minibus,4,train,1091
train/minibus/216736603.jpg,minibus,4,train,1092
train/minibus/216736913.jpg,minibus,4,train,1093
train/minibus/216763364.jpg,minibus,4,train,1094
train/minibus/216769695.jpg,minibus,4,train,1095
train/minibus/216782744.jpg,minibus,4,train,1096
train/minibus/216782805.jpg,minibus,4,train,1097
train/minibus/216830668.jpg,minibus,4,train,1098
train/minibus/216842480.jpg,minibus,4,train,1099
train/minibus/216874482.jpg,minibus,4,train,1100
train/minibus/216875575.jpg,minibus,4,val,1050
train/minibus/216910456.jpg,minibus,4,train,1101
train/minibus/216912246.jpg,minibus,4,train,1102
train/minibus/216947159.jpg,minibus,4,train,1103
train/minibus/216973888.jpg,minibus,4,train,1104
train/minibus/216977414.jpg,minibus,4,train,1105
train/minibus/216999560.jpg,minibus,4,train,1106
train/minibus/217006575.jpg,minibus,4,train,1107
train/minibus/217009310.jpg,minibus,4,train,1108
train/minibus/217025806.jpg,minibus,4,val,1109
train/minibus/217173695.jpg,minibus,4,train,1110
train/minibus/217188225.jpg,minibus,4,train,1111
train/minibus/217196726.jpg,minibus,4,train,1112
train/minibus/217197302.jpg,minibus,4,train,1113
train/minibus/217634434.jpg,minibus,4,val,1114
train/minibus/217712958.jpg,minibus,4,train,1115
train/minibus/217826361.jpg,minibus,4,val,1116
train/minibus/217959075.jpg,minibus,4,val,1117
train/minibus/217986520.jpg,minibus,4,train,1118
train/minibus/217995231.jpg,minibus,4,train,1119
train/minibus/218002136.jpg,minibus,4,train,1120
train/minibus/218022337.jpg,minibus,4,val,1121
train/minibus/218049788.jpg,minibus,4,train,1122
train/minibus/218080034.jpg,minibus,4,train,1123
train/minibus/218106671.jpg,minibus,4,val,1124
train/minibus/218145621.jpg,minibus,4,train,1125
train/minibus/218145650.jpg,minibus,4,val,1126
train/minibus/218145869.jpg,minibus,4,train,1127
train/minibus/218147720.jpg,minibus,4,train,1128
train/minibus/218185076.jpg,minibus,4,train,1129
train/minibus/218223645.jpg,minibus,4,train,1130
train/minibus/218317977.jpg,minibus,4,train,1131
train/minibus/218367789.jpg,minibus,4,train,1132
train/minibus/218541081.jpg,minibus,4,val,1050
train/minibus/218553813.jpg,minibus,4,val,1133
train/minibus/218573670.jpg,minibus,4,train,1134
train/minibus/218588128.jpg,minibus,4,train,1135
train/minibus/218588746.jpg,minibus,4,train,1136
train/minibus/218598404.jpg,minibus,4,train,1137
train/minibus/218608623.jpg,minibus,4,train,1065
train/minibus/218624962.jpg,minibus,4,train,1138
train/minibus/218657520.jpg,minibus,4,train,1139
train/minibus/218659561.jpg,minibus,4,train,1140
train/minibus/218681641.jpg,minibus,4,train,1141
train/minibus/218722599.jpg,minibus,4,train,1142
train/minibus/218728399.jpg,minibus,4,train,1143
train/minibus/218732172.jpg,minibus,4,train,1144
train/minibus/218740264.jpg,minibus,4,train,1145
train/minibus/218740708.jpg,minibus,4,train,1146
train/minibus/218768816.jpg,minibus,4,train,1147
train/minibus/218845268.jpg,minibus,4,val,1148
train/minibus/218882489.jpg,minibus,4,train,1149
train/minibus/218901213.jpg,minibus,4,train,1150
train/minibus/218918535.jpg,minibus,4,val,1151
train/minibus/218939308.jpg,minibus,4,val,1152
train/minibus/218952212.jpg,minibus,4,train,1153
train/minibus/218979253.jpg,minibus,4,train,1154
train/minibus/218984737.jpg,minibus,4,train,1155
train/minibus/218999495.jpg,minibus,4,train,1156
train/minibus/219015757.jpg,minibus,4,train,1157
train/minibus/219024828.jpg,minibus,4,train,1158
train/minibus/219025847.jpg,minibus,4,train,1086
train/minibus/219068960.jpg,minibus,4,train,1159
train/minibus/219123664.jpg,minibus,4,val,1160
train/savari/193865576.jpg,savari,5,train,1161
train/savari/195461114.jpg,savari,5,train,1162
train/savari/195586052.jpg,savari,5,train,1163
train/savari/195839967.jpg,savari,5,train,1164
train/savari/195911472.jpg,savari,5,train,1165
train/savari/196477980.jpg,savari,5,train,1166
train/savari/196601379.jpg,savari,5,train,1167
train/savari/197021107.jpg,savari,5,train,1168
train/savari/197381955.jpg,savari,5,train,1169
train/savari/197668390.jpg,savari,5,train,1170
train/savari/197695504.jpg,savari,5,train,1171
train/savari/197696747.jpg,savari,5,train,1172
train/savari/197816467.jpg,savari,5,train,1173
train/savari/198132254.jpg,savari,5,val,1174
train/savari/198221838.jpg,savari,5,train,1175
train/savari/198224561.jpg,savari,5,train,1176
train/savari/198334045.jpg,savari,5,train,1177
train/savari/198340571.jpg,savari,5,val,1178
train/savari/198385679.jpg,savari,5,train,1179
train/savari/198508281.jpg,savari,5,train,1180
train/savari/198600953.jpg,savari,5,train,1181
train/savari/198701356.jpg,savari,5,train,1182
train/savari/198734860.jpg,savari,5,train,1183
train/savari/198748852.jpg,savari,5,train,1184
train/savari/198929401.jpg,savari,5,train,1185
train/savari/199057130.jpg,savari,5,train,1186
train/savari/199201260.jpg,savari,5,train,1187
train/savari/199256640.jpg,savari,5,val,1188
train/savari/199280713.jpg,savari,5,train,1189
train/savari/199300081.jpg,savari,5,train,1190
train/savari/199595051.jpg,savari,5,train,1191
train/savari/199630427.jpg,savari,5,train,1192
train/savari/199702972.jpg,savari,5,train,1193
train/savari/199827467.jpg,savari,5,train,1194
train/savari/200121154.jpg,savari,5,train,1195
train/savari/200850651.jpg,savari,5,train,1196
train/savari/200868342.jpg,savari,5,train,1197
train/savari/201730625.jpg,savari,5,train,1198
train/savari/201797319.jpg,savari,5,train,1199
train/savari/202041863.jpg,savari,5,train,1200
train/savari/202273928.jpg,savari,5,train,1201
train/savari/202316938.jpg,savari,5,train,1202
train/savari/202772152.jpg,savari,5,train,1203
train/savari/204792146.jpg,savari,5,val,1204
train/savari/205009323.jpg,savari,5,train,1205
train/savari/205049904.jpg,savari,5,train,1206
train/savari/205313767.jpg,savari,5,train,1207
train/savari/205354762.jpg,savari,5,val,1208
train/savari/205377474.jpg,savari,5,train,1209
train/savari/205495938.jpg,savari,5,train,1210
train/savari/206027281.jpg,savari,5,train,1211
train/savari/206140594.jpg,savari,5,train,1212
train/savari/206147449.jpg,savari,5,val,1213
train/savari/206290018.jpg,savari,5,train,1214
train/savari/206375505.jpg,savari,5,train,1215
train/savari/206420263.jpg,savari,5,val,1216
train/savari/206431037.jpg,savari,5,train,1217
train/savari/206523590.jpg,savari,5,train,1218
train/savari/206573249.jpg,savari,5,train,1219
train/savari/206755128.jpg,savari,5,val,1220
train/savari/206830043.jpg,savari,5,train,1221
train/savari/206858481.jpg,savari,5,train,1221
train/savari/206925163.jpg,savari,5,train,1222
train/savari/207703881.jpg,savari,5,train,1223
train/savari/207759852.jpg,savari,5,train,1224
train/savari/207814911.jpg,savari,5,val,1225
train/savari/207849789.jpg,savari,5,train,1226
train/savari/207857225.jpg,savari,5,train,1227
train/savari/207964148.jpg,savari,5,val,1228
train/savari/208090232.jpg,savari,5,train,1229
train/savari/208184846.jpg,savari,5,train,1230
train/savari/208296185.jpg,savari,5,train,1231
train/savari/208355250.jpg,savari,5,train,1232
train/savari/208443200.jpg,savari,5,train,1233
train/savari/208516040.jpg,savari,5,train,1234
train/savari/208561726.jpg,savari,5,train,1235
train/savari/208637892.jpg,savari,5,train,1236
train/savari/208698681.jpg,savari,5,train,1237
train/savari/209013092.jpg,savari,5,val,1238
train/savari/209111011.jpg,savari,5,train,1239
train/savari/209117376.jpg,savari,5,train,1240
train/savari/209285270.jpg,savari,5,train,1241
train/savari/209371818.jpg,savari,5,val,1242
train/savari/209403185.jpg,savari,5,train,1243
train/savari/209527831.jpg,savari,5,train,1244
train/savari/209847217.jpg,savari,5,train,1245
train/savari/210015193.jpg,savari,5,train,1246
train/savari/210379387.jpg,savari,5,val,1247
train/savari/210403204.jpg,savari,5,val,1248
train/savari/210403494.jpg,savari,5,train,1249
train/savari/210488078.jpg,savari,5,val,1250
train/savari/210565057.jpg,savari,5,train,1251
train/savari/210771543.jpg,savari,5,train,1252
train/savari/210970421.jpg,savari,5,train,1253
train/savari/211053195.jpg,savari,5,train,1254
train/savari/211163295.jpg,savari,5,train,1255
train/savari/211295182.jpg,savari,5,val,1256
train/savari/211395884.jpg,savari,5,train,1257
train/savari/211425180.jpg,savari,5,val,1258
train/savari/211480297.jpg,savari,5,train,1259
train/savari/211483910.jpg,savari,5,train,1260
train/savari/211521907.jpg,savari,5,val,1261
train/savari/211574020.jpg,savari,5,val,1262
train/savari/211781928.jpg,savari,5,train,1263
train/savari/211932573.jpg,savari,5,val,1264
train/savari/211944076.jpg,savari,5,train,1265
train/savari/211951629.jpg,savari,5,train,1266
train/savari/212001568.jpg,savari,5,train,1267
train/savari/212107649.jpg,savari,5,train,1268
train/savari/212301629.jpg,savari,5,train,1269
train/savari/212311889.jpg,savari,5,val,1270
train/savari/212364016.jpg,savari,5,train,1271
train/savari/213056482.jpg,savari,5,val,1272
train/savari/213059955.jpg,savari,5,train,1273
train/savari/213179580.jpg,savari,5,train,1274
train/savari/213228565.jpg,savari,5,train,1275
train/savari/213298031.jpg,savari,5,train,1276
train/savari/213322591.jpg,savari,5,train,1277
train/savari/213336730.jpg,savari,5,train,1278
train/savari/213545578.jpg,savari,5,train,1279
train/savari/214217815.jpg,savari,5,train,1280
train/savari/214361998.jpg,savari,5,train,1281
train/savari/214391601.jpg,savari,5,train,1282
train/savari/214535283.jpg,savari,5,train,1283
train/savari/214690824.jpg,savari,5,val,1284
train/savari/214749765.jpg,savari,5,train,1285
train/savari/214754706.jpg,savari,5,train,1286
train/savari/214790427.jpg,savari,5,val,1287
train/savari/214845815.jpg,savari,5,train,1288
train/savari/215062582.jpg,savari,5,train,1289
train/savari/215156551.jpg,savari,5,train,1290
train/savari/215476329.jpg,savari,5,train,1291
train/savari/215700187.jpg,savari,5,val,1292
train/savari/215767529.jpg,savari,5,val,1293
train/savari/215841797.jpg,savari,5,train,1294
train/savari/215962276.jpg,savari,5,train,1295
train/savari/215997280.jpg,savari,5,val,1296
train/savari/216019459.jpg,savari,5,train,1297
train/savari/216020950.jpg,savari,5,val,1298
train/savari/216106609.jpg,savari,5,train,1299
train/savari/216119295.jpg,savari,5,train,1300
train/savari/216120769.jpg,savari,5,train,1301
train/savari/216121140.jpg,savari,5,val,1302
train/savari/216129393.jpg,savari,5,val,1303
train/savari/216155616.jpg,savari,5,train,1304
train/savari/216157894.jpg,savari,5,train,1305
train/savari/216182368.jpg,savari,5,train,1306
train/savari/216192117.jpg,savari,5,train,1307
train/savari/216232087.jpg,savari,5,train,1308
train/savari/216234933.jpg,savari,5,val,1309
train/savari/216418770.jpg,savari,5,train,1310
train/savari/216423320.jpg,savari,5,val,1311
train/savari/216426931.jpg,savari,5,val,1312
train/savari/216453356.jpg,savari,5,train,1313
train/savari/216522104.jpg,savari,5,train,1314
train/savari/216526649.jpg,savari,5,train,1315
train/savari/216533289.jpg,savari,5,train,1316
train/savari/216539135.jpg,savari,5,train,1317
train/savari/216561625.jpg,savari,5,train,1318
train/savari/216562677.jpg,savari,5,train,1319
train/savari/216585891.jpg,savari,5,train,1320
train/savari/216587611.jpg,savari,5,train,1321
train/savari/216621071.jpg,savari,5,val,1322
train/savari/216623020.jpg,savari,5,val,1323
train/savari/216624283.jpg,savari,5,train,1324
train/savari/216655941.jpg,savari,5,train,1325
train/savari/216662449.jpg,savari,5,train,1326
train/savari/216691992.jpg,savari,5,val,1327
train/savari/216694598.jpg,savari,5,train,1328
train/savari/216722981.jpg,savari,5,train,1329
train/savari/216767197.jpg,savari,5,val,1330
train/savari/216809812.jpg,savari,5,train,1331
train/savari/216814138.jpg,savari,5,val,1332
train/savari/216826110.jpg,savari,5,train,1333
train/savari/216840028.jpg,savari,5,val,1334
train/savari/216858353.jpg,savari,5,train,1335
train/savari/216899188.jpg,savari,5,train,1336
train/savari/216912005.jpg,savari,5,train,1337
train/savari/216960089.jpg,savari,5,train,1338
train/savari/216968563.jpg,savari,5,train,1339
train/savari/217014334.jpg,savari,5,train,1340
train/savari/217026272.jpg,savari,5,train,1341
train/savari/217054235.jpg,savari,5,train,1342
train/savari/217066965.jpg,savari,5,train,1343
train/savari/217103048.jpg,savari,5,train,1344
train/savari/217115848.jpg,savari,5,train,1345
train/savari/217128837.jpg,savari,5,train,1346
train/savari/217164961.jpg,savari,5,train,1347
train/savari/217203738.jpg,savari,5,train,1348
train/savari/217253879.jpg,savari,5,train,1349
train/savari/217259942.jpg,savari,5,train,1350
train/savari/217266476.jpg,savari,5,train,1351
train/savari/217267545.jpg,savari,5,train,1352
train/savari/217280199.jpg,savari,5,train,1353
train/savari/217301960.jpg,savari,5,train,1354
train/savari/217318570.jpg,savari,5,train,1355
train/savari/217377450.jpg,savari,5,val,1356
train/savari/217387431.jpg,savari,5,train,1357
train/savari/217403096.jpg,savari,5,train,1358
train/savari/217528722.jpg,savari,5,train,1359
train/savari/217560232.jpg,savari,5,train,1360
train/savari/217595807.jpg,savari,5,train,1361
train/savari/217617097.jpg,savari,5,train,1362
train/savari/217664284.jpg,savari,5,train,1363
train/savari/217737871.jpg,savari,5,train,1364
train/savari/217755103.jpg,savari,5,train,1365
train/savari/217939245.jpg,savari,5,train,1366
train/savari/217985851.jpg,savari,5,train,1367
train/savari/218043366.jpg,savari,5,val,1368
train/savari/218051598.jpg,savari,5,train,1369
train/savari/218055833.jpg,savari,5,train,1370
train/savari/218077655.jpg,savari,5,val,1371
train/savari/218147453.jpg,savari,5,train,1372
train/savari/218187376.jpg,savari,5,train,1373
train/savari/218220982.jpg,savari,5,val,1374
train/savari/218224358.jpg,savari,5,train,1375
train/savari/218266205.jpg,savari,5,val,1376
train/savari/218268791.jpg,savari,5,val,1377
train/savari/218307934.jpg,savari,5,train,1378
train/savari/218328926.jpg,savari,5,val,1379
train/savari/218335799.jpg,savari,5,train,1380
train/savari/218362132.jpg,savari,5,train,1381
train/savari/218493796.jpg,savari,5,train,1382
train/savari/218522644.jpg,savari,5,train,1383
train/savari/218545382.jpg,savari,5,train,1384
train/savari/218569012.jpg,savari,5,train,1385
train/savari/218569843.jpg,savari,5,train,1386
train/savari/218577056.jpg,savari,5,train,1387
train/savari/218584705.jpg,savari,5,train,1388
train/savari/218591795.jpg,savari,5,train,1389
train/savari/218641908.jpg,savari,5,train,1390
train/savari/218681566.jpg,savari,5,train,1391
train/savari/218692987.jpg,savari,5,val,1392
train/savari/218711427.jpg,savari,5,train,1393
train/savari/218721508.jpg,savari,5,train,1394
train/savari/218726882.jpg,savari,5,train,1395
train/savari/218745573.jpg,savari,5,train,1396
train/savari/218745687.jpg,savari,5,train,1397
train/savari/218777011.jpg,savari,5,train,1398
train/savari/218777657.jpg,savari,5,val,1399
train/savari/218787990.jpg,savari,5,train,1400
train/savari/218827119.jpg,savari,5,train,1401
train/savari/218868809.jpg,savari,5,train,1402
train/savari/218899462.jpg,savari,5,train,1403
train/savari/218943099.jpg,savari,5,train,1404
train/savari/218949284.jpg,savari,5,train,1405
train/savari/218953537.jpg,savari,5,train,1406
train/savari/218958124.jpg,savari,5,train,1407
train/savari/218986062.jpg,savari,5,train,1408
train/savari/218987822.jpg,savari,5,train,1409
train/savari/219049738.jpg,savari,5,val,1410
train/savari/219084529.jpg,savari,5,val,1411
train/savari/219093208.jpg,savari,5,val,1412
train/taxi/193797292.jpg,taxi,6,train,1413
train/taxi/194297941.jpg,taxi,6,train,1414
train/taxi/195141634.jpg,taxi,6,train,1415
train/taxi/195273350.jpg,taxi,6,train,1416
train/taxi/196019684.jpg,taxi,6,train,1417
train/taxi/196271367.jpg,taxi,6,train,1418
train/taxi/196711537.jpg,taxi,6,train,1419
train/taxi/196727449.jpg,taxi,6,train,1420
train/taxi/196859984.jpg,taxi,6,val,1421
train/taxi/196903889.jpg,taxi,6,val,1422
train/taxi/197032336.jpg,taxi,6,train,1423
train/taxi/197362638.jpg,taxi,6,train,1424
train/taxi/197408900.jpg,taxi,6,train,1425
train/taxi/198048598.jpg,taxi,6,train,1426
train/taxi/198065488.jpg,taxi,6,train,1427
train/taxi/198289203.jpg,taxi,6,val,1428
train/taxi/198459778.jpg,taxi,6,train,1429
train/taxi/198521544.jpg,taxi,6,train,1430
train/taxi/198548695.jpg,taxi,6,train,1431
train/taxi/198633794.jpg,taxi,6,train,1432
train/taxi/198935466.jpg,taxi,6,train,1433
train/taxi/199039305.jpg,taxi,6,val,1434
train/taxi/199044255.jpg,taxi,6,train,1435
train/taxi/199202965.jpg,taxi,6,train,1436
train/taxi/199808827.jpg,taxi,6,val,1437
train/taxi/199946477.jpg,taxi,6,train,1438
train/taxi/199994844.jpg,taxi,6,train,1439
train/taxi/200326261.jpg,taxi,6,val,1440
train/taxi/200643840.jpg,taxi,6,train,1441
train/taxi/203730891.jpg,taxi,6,train,1442
train/taxi/206803325.jpg,taxi,6,train,1443
train/taxi/211554070.jpg,taxi,6,train,1444
train/taxi/211667354.jpg,taxi,6,train,1445
train/taxi/211773485.jpg,taxi,6,train,1446
train/taxi/211808656.jpg,taxi,6,train,1447
train/taxi/211856112.jpg,taxi,6,val,1448
train/taxi/211997826.jpg,taxi,6,val,1449
train/taxi/212110018.jpg,taxi,6,train,1450
train/taxi/212237527.jpg,taxi,6,train,1451
train/taxi/212354100.jpg,taxi,6,train,1452
train/taxi/212411751.jpg,taxi,6,train,1453
train/taxi/212460719.jpg,taxi,6,train,1454
train/taxi/212538464.jpg,taxi,6,train,1455
train/taxi/212714723.jpg,taxi,6,train,1456
train/taxi/212737728.jpg,taxi,6,val,1457
train/taxi/213061361.jpg,taxi,6,train,1458
train/taxi/213163041.jpg,taxi,6,train,1459
train/taxi/213169109.jpg,taxi,6,train,1460
train/taxi/213219294.jpg,taxi,6,train,1461
train/taxi/213300692.jpg,taxi,6,train,1462
train/taxi/213590830.jpg,taxi,6,train,1463
train/taxi/213625241.jpg,taxi,6,train,1464
train/taxi/214583113.jpg,taxi,6,train,1465
train/taxi/214612979.jpg,taxi,6,train,1466
train/taxi/214628757.jpg,taxi,6,train,1467
train/taxi/214678598.jpg,taxi,6,train,1468
train/taxi/214698644.jpg,taxi,6,train,1469
train/taxi/214699680.jpg,taxi,6,train,1470
train/taxi/214738834.jpg,taxi,6,val,1471
train/taxi/214741348.jpg,taxi,6,train,1472
train/taxi/214743143.jpg,taxi,6,train,1473
train/taxi/214750508.jpg,taxi,6,train,1474
train/taxi/214752341.jpg,taxi,6,train,1475
train/taxi/214804869.jpg,taxi,6,train,1476
train/taxi/214833819.jpg,taxi,6,train,1297
train/taxi/215057971.jpg,taxi,6,val,1477
train/taxi/215086606.jpg,taxi,6,val,1478
train/taxi/215086610.jpg,taxi,6,train,1479
train/taxi/215098353.jpg,taxi,6,train,1480
train/taxi/215105398.jpg,taxi,6,val,1481
train/taxi/215131777.jpg,taxi,6,train,1482
train/taxi/215186511.jpg,taxi,6,train,1483
train/taxi/215261693.jpg,taxi,6,train,1484
train/taxi/215263228.jpg,taxi,6,val,1485
train/taxi/215570730.jpg,taxi,6,val,1486
train/taxi/215581089.jpg,taxi,6,train,1487
train/taxi/215626542.jpg,taxi,6,val,1488
train/taxi/215631113.jpg,taxi,6,val,1489
train/taxi/215631129.jpg,taxi,6,train,1490
train/taxi/215658087.jpg,taxi,6,train,1491
train/taxi/215679375.jpg,taxi,6,train,1492
train/taxi/215681913.jpg,taxi,6,val,1493
train/taxi/215694229.jpg,taxi,6,val,1494
train/taxi/215704125.jpg,taxi,6,train,1495
train/taxi/215710435.jpg,taxi,6,train,1496
train/taxi/215734816.jpg,taxi,6,train,1497
train/taxi/215741938.jpg,taxi,6,train,1498
train/taxi/215771511.jpg,taxi,6,train,1499
train/taxi/215772638.jpg,taxi,6,train,1500
train/taxi/215773124.jpg,taxi,6,train,1501
train/taxi/215777419.jpg,taxi,6,train,1502
train/taxi/215804635.jpg,taxi,6,train,1503
train/taxi/215822416.jpg,taxi,6,train,1504
train/taxi/215833228.jpg,taxi,6,val,1505
train/taxi/215854075.jpg,taxi,6,train,1506
train/taxi/215875418.jpg,taxi,6,train,1507
train/taxi/215878168.jpg,taxi,6,val,1508
train/taxi/215920981.jpg,taxi,6,train,1509
train/taxi/215948383.jpg,taxi,6,train,1510
train/taxi/216003493.jpg,taxi,6,train,1511
train/taxi/216006259.jpg,taxi,6,val,1512
train/taxi/216016502.jpg,taxi,6,train,1513
train/taxi/216017859.jpg,taxi,6,train,1514
train/taxi/216019687.jpg,taxi,6,train,1515
train/taxi/216061960.jpg,taxi,6,train,1516
train/taxi/216111008.jpg,taxi,6,train,1517
train/taxi/216118231.jpg,taxi,6,train,1518
train/taxi/216191824.jpg,taxi,6,val,1519
train/taxi/216203466.jpg,taxi,6,train,1520
train/taxi/216207089.jpg,taxi,6,val,1521
train/taxi/216209734.jpg,taxi,6,train,1522
train/taxi/216210740.jpg,taxi,6,train,1523
train/taxi/216288852.jpg,taxi,6,val,1524
train/taxi/216373693.jpg,taxi,6,train,1525
train/taxi/216398127.jpg,taxi,6,train,1526
train/taxi/216402445.jpg,taxi,6,train,1527
train/taxi/216422192.jpg,taxi,6,train,1528
train/taxi/216432200.jpg,taxi,6,train,1529
train/taxi/216435100.jpg,taxi,6,val,1530
train/taxi/216524007.jpg,taxi,6,train,1531
train/taxi/216532535.jpg,taxi,6,train,1532
train/taxi/216555951.jpg,taxi,6,train,1533
train/taxi/216560016.jpg,taxi,6,train,1534
train/taxi/216562251.jpg,taxi,6,train,1535
train/taxi/216616342.jpg,taxi,6,train,1536
train/taxi/216616795.jpg,taxi,6,train,1537
train/taxi/216618122.jpg,taxi,6,val,1538
train/taxi/216629590.jpg,taxi,6,train,1539
train/taxi/216762705.jpg,taxi,6,val,1540
train/taxi/216785981.jpg,taxi,6,train,1541
train/taxi/216787354.jpg,taxi,6,val,1542
train/taxi/216804552.jpg,taxi,6,train,1543
train/taxi/216816628.jpg,taxi,6,train,1544
train/taxi/216860191.jpg,taxi,6,train,1545
train/taxi/216878759.jpg,taxi,6,val,1546
train/taxi/216893661.jpg,taxi,6,train,1547
train/taxi/216929149.jpg,taxi,6,train,1548
train/taxi/216952757.jpg,taxi,6,train,1549
train/taxi/216964234.jpg,taxi,6,train,1550
train/taxi/216968614.jpg,taxi,6,train,1551
train/taxi/217002049.jpg,taxi,6,train,1552
train/taxi/217054704.jpg,taxi,6,train,1553
train/taxi/217058934.jpg,taxi,6,train,1554
train/taxi/217088721.jpg,taxi,6,train,1555
train/taxi/217093155.jpg,taxi,6,train,1556
train/taxi/217111373.jpg,taxi,6,train,1557
train/taxi/217144560.jpg,taxi,6,train,1558
train/taxi/217163644.jpg,taxi,6,train,1559
train/taxi/217170866.jpg,taxi,6,train,1560
train/taxi/217195564.jpg,taxi,6,val,1561
train/taxi/217233737.jpg,taxi,6,val,1562
train/taxi/217243222.jpg,taxi,6,train,1563
train/taxi/217244427.jpg,taxi,6,train,1564
train/taxi/217255043.jpg,taxi,6,train,1565
train/taxi/217264329.jpg,taxi,6,train,1566
train/taxi/217270060.jpg,taxi,6,train,1567
train/taxi/217285903.jpg,taxi,6,val,1568
train/taxi/217395242.jpg,taxi,6,train,1569
train/taxi/217405463.jpg,taxi,6,train,1570
train/taxi/217426237.jpg,taxi,6,train,1571
train/taxi/217478871.jpg,taxi,6,train,1572
train/taxi/217482526.jpg,taxi,6,train,1573
train/taxi/217506735.jpg,taxi,6,train,1574
train/taxi/217533470.jpg,taxi,6,train,1575
train/taxi/217544550.jpg,taxi,6,train,1576
train/taxi/217548779.jpg,taxi,6,train,1577
train/taxi/217570575.jpg,taxi,6,train,1578
train/taxi/217580230.jpg,taxi,6,train,1579
train/taxi/217601310.jpg,taxi,6,train,1580
train/taxi/217627944.jpg,taxi,6,val,1581
train/taxi/217656357.jpg,taxi,6,val,1582
train/taxi/217729028.jpg,taxi,6,train,1583
train/taxi/217747000.jpg,taxi,6,train,1584
train/taxi/217763528.jpg,taxi,6,train,1585
train/taxi/217766035.jpg,taxi,6,train,1586
train/taxi/217787108.jpg,taxi,6,train,1587
train/taxi/217799839.jpg,taxi,6,train,1588
train/taxi/217814325.jpg,taxi,6,val,1589
train/taxi/217834801.jpg,taxi,6,train,1590
train/taxi/217898024.jpg,taxi,6,train,1591
train/taxi/217951846.jpg,taxi,6,train,1592
train/taxi/217977572.jpg,taxi,6,train,1593
train/taxi/218000849.jpg,taxi,6,train,1594
train/taxi/218002619.jpg,taxi,6,train,1595
train/taxi/218009858.jpg,taxi,6,train,1596
train/taxi/218024619.jpg,taxi,6,train,1597
train/taxi/218045822.jpg,taxi,6,val,1598
train/taxi/218051297.jpg,taxi,6,train,1599
train/taxi/218056965.jpg,taxi,6,train,1600
train/taxi/218078057.jpg,taxi,6,train,1601
train/taxi/218093052.jpg,taxi,6,train,1602
train/taxi/218104747.jpg,taxi,6,train,1603
train/taxi/218120685.jpg,taxi,6,val,1604
train/taxi/218136743.jpg,taxi,6,train,1605
train/taxi/218156501.jpg,taxi,6,train,1606
train/taxi/218159183.jpg,taxi,6,train,1607
train/taxi/218169975.jpg,taxi,6,train,1608
train/taxi/218201278.jpg,taxi,6,train,1609
train/taxi/218203719.jpg,taxi,6,train,1610
train/taxi/218205147.jpg,taxi,6,train,1611
train/taxi/218213642.jpg,taxi,6,train,1612
train/taxi/218219642.jpg,taxi,6,train,1613
train/taxi/218228771.jpg,taxi,6,train,1614
train/taxi/218243301.jpg,taxi,6,train,1615
train/taxi/218248245.jpg,taxi,6,train,1616
train/taxi/218270063.jpg,taxi,6,train,1617
train/taxi/218279077.jpg,taxi,6,val,1618
train/taxi/218320753.jpg,taxi,6,val,1619
train/taxi/218321884.jpg,taxi,6,train,1620
train/taxi/218339564.jpg,taxi,6,train,1621
train/taxi/218342807.jpg,taxi,6,train,1622
train/taxi/218360827.jpg,taxi,6,val,1623
train/taxi/218377804.jpg,taxi,6,val,1624
train/taxi/218402981.jpg,taxi,6,train,1625
train/taxi/218414701.jpg,taxi,6,val,1626
train/taxi/218501211.jpg,taxi,6,val,1627
train/taxi/218521917.jpg,taxi,6,train,1628
train/taxi/218522456.jpg,taxi,6,train,1629
train/taxi/218567436.jpg,taxi,6,train,1630
train/taxi/218578770.jpg,taxi,6,train,1631
train/taxi/218580315.jpg,taxi,6,train,1632
train/taxi/218597916.jpg,taxi,6,val,1633
train/taxi/218655409.jpg,taxi,6,train,1634
train/taxi/218670583.jpg,taxi,6,train,1635
train/taxi/218681190.jpg,taxi,6,train,1636
train/taxi/218685986.jpg,taxi,6,train,1637
train/taxi/218690372.jpg,taxi,6,train,1638
train/taxi/218738200.jpg,taxi,6,train,1639
train/taxi/218748243.jpg,taxi,6,train,1640
train/taxi/218805085.jpg,taxi,6,val,1641
train/taxi/218811381.jpg,taxi,6,train,1642
train/taxi/218813121.jpg,taxi,6,train,1643
train/taxi/218832954.jpg,taxi,6,train,1644
train/taxi/218834664.jpg,taxi,6,train,1645
train/taxi/218835592.jpg,taxi,6,val,1646
train/taxi/218861019.jpg,taxi,6,val,1647
train/taxi/218887865.jpg,taxi,6,train,1648
train/taxi/218901805.jpg,taxi,6,train,1649
train/taxi/218932282.jpg,taxi,6,train,1650
train/taxi/218937266.jpg,taxi,6,train,1651
train/taxi/218944731.jpg,taxi,6,train,1652
train/taxi/218948357.jpg,taxi,6,train,1653
train/taxi/219012191.jpg,taxi,6,train,1654
train/taxi/219027793.jpg,taxi,6,val,1655
train/taxi/219055248.jpg,taxi,6,train,1656
train/vanet/194285934.jpg,vanet,7,val,1657
train/vanet/195274804.jpg,vanet,7,train,1658
train/vanet/196163447.jpg,vanet,7,train,1659
train/vanet/196305661.jpg,vanet,7,train,1660
train/vanet/196322593.jpg,vanet,7,train,1661
train/vanet/197508757.jpg,vanet,7,train,1662
train/vanet/197838737.jpg,vanet,7,train,1663
train/vanet/198019923.jpg,vanet,7,train,1664
train/vanet/198055205.jpg,vanet,7,train,1665
train/vanet/198100361.jpg,vanet,7,train,1666
train/vanet/198119089.jpg,vanet,7,train,1667
train/vanet/198361421.jpg,vanet,7,train,1668
train/vanet/198401066.jpg,vanet,7,train,1669
train/vanet/198693433.jpg,vanet,7,val,1670
train/vanet/199126941.jpg,vanet,7,val,1671
train/vanet/199158191.jpg,vanet,7,train,1672
train/vanet/199392072.jpg,vanet,7,train,1673
train/vanet/200024004.jpg,vanet,7,train,1674
train/vanet/201758472.jpg,vanet,7,train,1675
train/vanet/202121208.jpg,vanet,7,train,1676
train/vanet/202784956.jpg,vanet,7,train,1677
train/vanet/202794779.jpg,vanet,7,train,1678
train/vanet/203265997.jpg,vanet,7,train,1679
train/vanet/203269085.jpg,vanet,7,val,1680
train/vanet/203413968.jpg,vanet,7,train,1681
train/vanet/203739270.jpg,vanet,7,train,1682
train/vanet/206108673.jpg,vanet,7,train,1683
train/vanet/206177192.jpg,vanet,7,val,1684
train/vanet/206926152.jpg,vanet,7,val,1685
train/vanet/207016564.jpg,vanet,7,train,1686
train/vanet/207156622.jpg,vanet,7,train,1687
train/vanet/207410682.jpg,vanet,7,train,1688
train/vanet/207702391.jpg,vanet,7,train,1689
train/vanet/207721906.jpg,vanet,7,train,1690
train/vanet/207803201.jpg,vanet,7,train,1691
train/vanet/208129801.jpg,vanet,7,val,1692
train/vanet/208237798.jpg,vanet,7,train,1693
train/vanet/208635729.jpg,vanet,7,val,1694
train/vanet/209501291.jpg,vanet,7,val,1695
train/vanet/209780947.jpg,vanet,7,train,1696
train/vanet/210379308.jpg,vanet,7,val,1697
train/vanet/210908141.jpg,vanet,7,train,1698
train/vanet/211868443.jpg,vanet,7,val,1699
train/vanet/212130689.jpg,vanet,7,train,1700
train/vanet/212465016.jpg,vanet,7,train,1701
train/vanet/212665899.jpg,vanet,7,train,1702
train/vanet/212755321.jpg,vanet,7,train,1703
train/vanet/213788075.jpg,vanet,7,train,1704
train/vanet/214048101.jpg,vanet,7,train,1705
train/vanet/214176969.jpg,vanet,7,train,1706
train/vanet/214726285.jpg,vanet,7,train,1707
train/vanet/214758714.jpg,vanet,7,val,1708
train/vanet/215621022.jpg,vanet,7,train,1709
train/vanet/215891603.jpg,vanet,7,train,1710
train/vanet/216352099.jpg,vanet,7,train,1711
train/vanet/216485447.jpg,vanet,7,train,1712
train/vanet/216566708.jpg,vanet,7,train,1713
train/vanet/216608800.jpg,vanet,7,train,1714
train/vanet/216618067.jpg,vanet,7,train,1715
train/vanet/216797745.jpg,vanet,7,train,1716
train/vanet/216830335.jpg,vanet,7,val,1717
train/vanet/216972735.jpg,vanet,7,train,1718
train/vanet/217021452.jpg,vanet,7,train,1719
train/vanet/217178596.jpg,vanet,7,train,1720
train/vanet/217216852.jpg,vanet,7,train,1721
train/vanet/217834045.jpg,vanet,7,train,1722
train/vanet/217881286.jpg,vanet,7,train,1723
train/vanet/217881742.jpg,vanet,7,val,1724
train/vanet/218088144.jpg,vanet,7,val,1725
train/vanet/218130945.jpg,vanet,7,train,1726
train/vanet/218206335.jpg,vanet,7,val,1727
train/vanet/218299620.jpg,vanet,7,train,1728
train/vanet/218514544.jpg,vanet,7,train,1729
train/vanet/218602877.jpg,vanet,7,train,1730
train/vanet/218844932.jpg,vanet,7,train,1731
train/vanet/218955810.jpg,vanet,7,train,1732
train/vanet/219127494.jpg,vanet,7,train,1733
test/ambulance/197398569.jpg,ambulance,0,test,-1
test/ambulance/198860064.jpg,ambulance,0,test,-1
test/ambulance/200396165.jpg,ambulance,0,test,-1
test/ambulance/205374292.jpg,ambulance,0,test,-1
test/ambulance/206980891.jpg,ambulance,0,test,-1
test/ambulance/209860183.jpg,ambulance,0,test,-1
test/ambulance/211589404.jpg,ambulance,0,test,-1
test/ambulance/212112327.jpg,ambulance,0,test,-1
test/ambulance/213375240.jpg,ambulance,0,test,-1
test/ambulance/214215422.jpg,ambulance,0,test,-1
test/ambulance/214830125.jpg,ambulance,0,test,-1
test/ambulance/214896720.jpg,ambulance,0,test,-1
test/ambulance/215056292.jpg,ambulance,0,test,-1
test/ambulance/215093049.jpg,ambulance,0,test,-1
test/ambulance/215164070.jpg,ambulance,0,test,-1
test/ambulance/215180455.jpg,ambulance,0,test,-1
test/ambulance/215713763.jpg,ambulance,0,test,-1
test/ambulance/215714439.jpg,ambulance,0,test,-1
test/ambulance/215884349.jpg,ambulance,0,test,-1
test/ambulance/215936132.jpg,ambulance,0,test,-1
test/ambulance/216081108.jpg,ambulance,0,test,-1
test/ambulance/216095686.jpg,ambulance,0,test,-1
test/ambulance/216676395.jpg,ambulance,0,test,-1
test/ambulance/216915758.jpg,ambulance,0,test,-1
test/ambulance/217040489.jpg,ambulance,0,test,-1
test/ambulance/217064467.jpg,ambulance,0,test,-1
test/ambulance/217073157.jpg,ambulance,0,test,-1
test/ambulance/217165853.jpg,ambulance,0,test,-1
test/ambulance/217206506.jpg,ambulance,0,test,-1
test/ambulance/217239890.jpg,ambulance,0,test,-1
test/ambulance/217240526.jpg,ambulance,0,test,-1
test/ambulance/217260292.jpg,ambulance,0,test,-1
test/ambulance/217268786.jpg,ambulance,0,test,-1
test/ambulance/217369634.jpg,ambulance,0,test,-1
test/ambulance/217401029.jpg,ambulance,0,test,-1
test/ambulance/217498407.jpg,ambulance,0,test,-1
test/ambulance/217777782.jpg,ambulance,0,test,-1
test/ambulance/217955115.jpg,ambulance,0,test,-1
test/ambulance/218067329.jpg,ambulance,0,test,-1
test/ambulance/218089422.jpg,ambulance,0,test,-1
test/ambulance/218107250.jpg,ambulance,0,test,-1
test/ambulance/218157597.jpg,ambulance,0,test,-1
test/ambulance/218314722.jpg,ambulance,0,test,-1
test/ambulance/218366611.jpg,ambulance,0,test,-1
test/ambulance/218417129.jpg,ambulance,0,test,-1
test/ambulance/218950212.jpg,ambulance,0,test,-1
test/ambulance/218976274.jpg,ambulance,0,test,-1
test/ambulance/219052793.jpg,ambulance,0,test,-1
test/ambulance/219072781.jpg,ambulance,0,test,-1
test/ambulance/219100814.jpg,ambulance,0,test,-1
test/autobus/193573320.jpg,autobus,1,test,-1
test/autobus/194271877.jpg,autobus,1,test,-1
test/autobus/194420546.jpg,autobus,1,test,-1
test/autobus/194466821.jpg,autobus,1,test,-1
test/autobus/198083967.jpg,autobus,1,test,-1
test/autobus/198127139.jpg,autobus,1,test,-1
test/autobus/198195343.jpg,autobus,1,test,-1
test/autobus/198384601.jpg,autobus,1,test,-1
test/autobus/198431566.jpg,autobus,1,test,-1
test/autobus/198592842.jpg,autobus,1,test,-1
test/autobus/201816308.jpg,autobus,1,test,-1
test/autobus/202148987.jpg,autobus,1,test,-1
test/autobus/205096821.jpg,autobus,1,test,-1
test/autobus/209712474.jpg,autobus,1,test,-1
test/autobus/210029256.jpg,autobus,1,test,-1
test/autobus/210733650.jpg,autobus,1,test,-1
test/autobus/211089191.jpg,autobus,1,test,-1
test/autobus/213632540.jpg,autobus,1,test,-1
test/autobus/214052917.jpg,autobus,1,test,-1
test/autobus/214357697.jpg,autobus,1,test,-1
test/autobus/214795472.jpg,autobus,1,test,-1
test/autobus/214804942.jpg,autobus,1,test,-1
test/autobus/215056927.jpg,autobus,1,test,-1
test/autobus/215678079.jpg,autobus,1,test,-1
test/autobus/215792046.jpg,autobus,1,test,-1
test/autobus/215799691.jpg,autobus,1,test,-1
test/autobus/215923574.jpg,autobus,1,test,-1
test/autobus/215989141.jpg,autobus,1,test,-1
test/autobus/216118215.jpg,autobus,1,test,-1
test/autobus/216169926.jpg,autobus,1,test,-1
test/autobus/216309415.jpg,autobus,1,test,-1
test/autobus/216357562.jpg,autobus,1,test,-1
test/autobus/216463669.jpg,autobus,1,test,-1
test/autobus/216586073.jpg,autobus,1,test,-1
test/autobus/216612009.jpg,autobus,1,test,-1
test/autobus/216625091.jpg,autobus,1,test,-1
test/autobus/216758328.jpg,autobus,1,test,-1
test/autobus/216919635.jpg,autobus,1,test,-1
test/autobus/217008397.jpg,autobus,1,test,-1
test/autobus/217020493.jpg,autobus,1,test,-1
test/autobus/217138019.jpg,autobus,1,test,-1
test/autobus/217405547.jpg,autobus,1,test,-1
test/autobus/217784510.jpg,autobus,1,test,-1
test/autobus/217948652.jpg,autobus,1,test,-1
test/autobus/217986817.jpg,autobus,1,test,-1
test/autobus/218113258.jpg,autobus,1,test,-1
test/autobus/218660636.jpg,autobus,1,test,-1
test/autobus/218693703.jpg,autobus,1,test,-1
test/autobus/218796237.jpg,autobus,1,test,-1
test/autobus/218858344.jpg,autobus,1,test,-1
test/kamyun/194250338.jpg,kamyun,2,test,-1
test/kamyun/195970927.jpg,kamyun,2,test,-1
test/kamyun/198521389.jpg,kamyun,2,test,-1
test/kamyun/199634694.jpg,kamyun,2,test,-1
test/kamyun/206203223.jpg,kamyun,2,test,-1
test/kamyun/208920165.jpg,kamyun,2,test,-1
test/kamyun/209037146.jpg,kamyun,2,test,-1
test/kamyun/212763412.jpg,kamyun,2,test,-1
test/kamyun/212881811.jpg,kamyun,2,test,-1
test/kamyun/215104031.jpg,kamyun,2,test,-1
test/kamyun/215479247.jpg,kamyun,2,test,-1
test/kamyun/215524992.jpg,kamyun,2,test,-1
test/kamyun/215619169.jpg,kamyun,2,test,-1
test/kamyun/215662509.jpg,kamyun,2,test,-1
test/kamyun/215683633.jpg,kamyun,2,test,-1
test/kamyun/215684233.jpg,kamyun,2,test,-1
test/kamyun/215785627.jpg,kamyun,2,test,-1
test/kamyun/215806835.jpg,kamyun,2,test,-1
test/kamyun/215824473.jpg,kamyun,2,test,-1
test/kamyun/215840960.jpg,kamyun,2,test,-1
test/kamyun/215908494.jpg,kamyun,2,test,-1
test/kamyun/216005873.jpg,kamyun,2,test,-1
test/kamyun/216034399.jpg,kamyun,2,test,-1
test/kamyun/216474870.jpg,kamyun,2,test,-1
test/kamyun/216498548.jpg,kamyun,2,test,-1
test/kamyun/216529238.jpg,kamyun,2,test,-1
test/kamyun/216769012.jpg,kamyun,2,test,-1
test/kamyun/216888567.jpg,kamyun,2,test,-1
test/kamyun/216963744.jpg,kamyun,2,test,-1
test/kamyun/217001556.jpg,kamyun,2,test,-1
test/kamyun/217042755.jpg,kamyun,2,test,-1
test/kamyun/217129195.jpg,kamyun,2,test,-1
test/kamyun/217258940.jpg,kamyun,2,test,-1
test/kamyun/217403425.jpg,kamyun,2,test,-1
test/kamyun/217835143.jpg,kamyun,2,test,-1
test/kamyun/217924264.jpg,kamyun,2,test,-1
test/kamyun/218185920.jpg,kamyun,2,test,-1
test/kamyun/218240914.jpg,kamyun,2,test,-1
test/kamyun/218328645.jpg,kamyun,2,test,-1
test/kamyun/218464353.jpg,kamyun,2,test,-1
test/kamyun/218606314.jpg,kamyun,2,test,-1
test/kamyun/218618273.jpg,kamyun,2,test,-1
test/kamyun/218699876.jpg,kamyun,2,test,-1
test/kamyun/218716785.jpg,kamyun,2,test,-1
test/kamyun/218789288.jpg,kamyun,2,test,-1
test/kamyun/218815698.jpg,kamyun,2,test,-1
test/kamyun/218947259.jpg,kamyun,2,test,-1
test/kamyun/218992950.jpg,kamyun,2,test,-1
test/kamyunet/196728966.jpg,kamyunet,3,test,-1
test/kamyunet/197190996.jpg,kamyunet,3,test,-1
test/kamyunet/197231871.jpg,kamyunet,3,test,-1
test/kamyunet/197786918.jpg,kamyunet,3,test,-1
test/kamyunet/198434168.jpg,kamyunet,3,test,-1
test/kamyunet/198439783.jpg,kamyunet,3,test,-1
test/kamyunet/198636917.jpg,kamyunet,3,test,-1
test/kamyunet/202686425.jpg,kamyunet,3,test,-1
test/kamyunet/206769671.jpg,kamyunet,3,test,-1
test/kamyunet/208853947.jpg,kamyunet,3,test,-1
test/kamyunet/211050468.jpg,kamyunet,3,test,-1
test/kamyunet/212731940.jpg,kamyunet,3,test,-1
test/kamyunet/213294319.jpg,kamyunet,3,test,-1
test/kamyunet/213821508.jpg,kamyunet,3,test,-1
test/kamyunet/215094485.jpg,kamyunet,3,test,-1
test/kamyunet/215104991.jpg,kamyunet,3,test,-1
test/kamyunet/215770886.jpg,kamyunet,3,test,-1
test/kamyunet/215773348.jpg,kamyunet,3,test,-1
test/kamyunet/215773663.jpg,kamyunet,3,test,-1
test/kamyunet/215957360.jpg,kamyunet,3,test,-1
test/kamyunet/216013078.jpg,kamyunet,3,test,-1
test/kamyunet/216061835.jpg,kamyunet,3,test,-1
test/kamyunet/216084517.jpg,kamyunet,3,test,-1
test/kamyunet/216102144.jpg,kamyunet,3,test,-1
test/kamyunet/216156914.jpg,kamyunet,3,test,-1
test/kamyunet/216186618.jpg,kamyunet,3,test,-1
test/kamyunet/216282044.jpg,kamyunet,3,test,-1
test/kamyunet/216393244.jpg,kamyunet,3,test,-1
test/kamyunet/216580566.jpg,kamyunet,3,test,-1
test/kamyunet/216584019.jpg,kamyunet,3,test,-1
test/kamyunet/216736518.jpg,kamyunet,3,test,-1
test/kamyunet/216842673.jpg,kamyunet,3,test,-1
test/kamyunet/216852176.jpg,kamyunet,3,test,-1
test/kamyunet/216957598.jpg,kamyunet,3,test,-1
test/kamyunet/216959516.jpg,kamyunet,3,test,-1
test/kamyunet/216966952.jpg,kamyunet,3,test,-1
test/kamyunet/216999155.jpg,kamyunet,3,test,-1
test/kamyunet/217029557.jpg,kamyunet,3,test,-1
test/kamyunet/217166297.jpg,kamyunet,3,test,-1
test/kamyunet/217378853.jpg,kamyunet,3,test,-1
test/kamyunet/217950577.jpg,kamyunet,3,test,-1
test/kamyunet/217955504.jpg,kamyunet,3,test,-1
test/kamyunet/218055101.jpg,kamyunet,3,test,-1
test/kamyunet/218090961.jpg,kamyunet,3,test,-1
test/kamyunet/218129415.jpg,kamyunet,3,test,-1
test/kamyunet/218134493.jpg,kamyunet,3,test,-1
test/kamyunet/218383949.jpg,kamyunet,3,test,-1
test/kamyunet/218702481.jpg,kamyunet,3,test,-1
test/kamyunet/218866716.jpg,kamyunet,3,test,-1
test/kamyunet/218956226.jpg,kamyunet,3,test,-1
test/kamyunet/219022599.jpg,kamyunet,3,test,-1
test/kamyunet/219119368.jpg,kamyunet,3,test,-1
test/minibus/197110576.jpg,minibus,4,test,-1
test/minibus/198362799.jpg,minibus,4,test,-1
test/minibus/199907770.jpg,minibus,4,test,-1
test/minibus/204478559.jpg,minibus,4,test,-1
test/minibus/205787928.jpg,minibus,4,test,-1
test/minibus/205923148.jpg,minibus,4,test,-1
test/minibus/205940059.jpg,minibus,4,test,-1
test/minibus/207051574.jpg,minibus,4,test,-1
test/minibus/210100934.jpg,minibus,4,test,-1
test/minibus/210115332.jpg,minibus,4,test,-1
test/minibus/210126898.jpg,minibus,4,test,-1
test/minibus/211453726.jpg,minibus,4,test,-1
test/minibus/212140261.jpg,minibus,4,test,-1
test/minibus/213563060.jpg,minibus,4,test,-1
test/minibus/213611520.jpg,minibus,4,test,-1
test/minibus/213711965.jpg,minibus,4,test,-1
test/minibus/214496054.jpg,minibus,4,test,-1
test/minibus/215119023.jpg,minibus,4,test,-1
test/minibus/215128581.jpg,minibus,4,test,-1
test/minibus/215507730.jpg,minibus,4,test,-1
test/minibus/215779841.jpg,minibus,4,test,-1
test/minibus/215792583.jpg,minibus,4,test,-1
test/minibus/215808924.jpg,minibus,4,test,-1
test/minibus/215858014.jpg,minibus,4,test,-1
test/minibus/215973871.jpg,minibus,4,test,-1
test/minibus/216053678.jpg,minibus,4,test,-1
test/minibus/216138469.jpg,minibus,4,test,-1
test/minibus/216155350.jpg,minibus,4,test,-1
test/minibus/216241825.jpg,minibus,4,test,-1
test/minibus/216249951.jpg,minibus,4,test,-1
test/minibus/216335737.jpg,minibus,4,test,-1
test/minibus/216737437.jpg,minibus,4,test,-1
test/minibus/216740055.jpg,minibus,4,test,-1
test/minibus/216761671.jpg,minibus,4,test,-1
test/minibus/216806221.jpg,minibus,4,test,-1
test/minibus/216839173.jpg,minibus,4,test,-1
test/minibus/216850683.jpg,minibus,4,test,-1
test/minibus/216950277.jpg,minibus,4,test,-1
test/minibus/216954877.jpg,minibus,4,test,-1
test/minibus/217234709.jpg,minibus,4,test,-1
test/minibus/217959147.jpg,minibus,4,test,-1
test/minibus/218138154.jpg,minibus,4,test,-1
test/minibus/218307381.jpg,minibus,4,test,-1
test/minibus/218328619.jpg,minibus,4,test,-1
test/minibus/218333282.jpg,minibus,4,test,-1
test/minibus/218590836.jpg,minibus,4,test,-1
test/minibus/218605367.jpg,minibus,4,test,-1
test/minibus/218643730.jpg,minibus,4,test,-1
test/minibus/218849745.jpg,minibus,4,test,-1
test/minibus/218911207.jpg,minibus,4,test,-1
test/savari/195238770.jpg,savari,5,test,-1
test/savari/195766645.jpg,savari,5,test,-1
test/savari/197096867.jpg,savari,5,test,-1
test/savari/197666500.jpg,savari,5,test,-1
test/savari/197813029.jpg,savari,5,test,-1
test/savari/197814306.jpg,savari,5,test,-1
test/savari/199994379.jpg,savari,5,test,-1
test/savari/200081418.jpg,savari,5,test,-1
test/savari/200989560.jpg,savari,5,test,-1
test/savari/202058797.jpg,savari,5,test,-1
test/savari/203382686.jpg,savari,5,test,-1
test/savari/204027920.jpg,savari,5,test,-1
test/savari/206134948.jpg,savari,5,test,-1
test/savari/206456878.jpg,savari,5,test,-1
test/savari/206559296.jpg,savari,5,test,-1
test/savari/206606848.jpg,savari,5,test,-1
test/savari/206757757.jpg,savari,5,test,-1
test/savari/207140641.jpg,savari,5,test,-1
test/savari/207481567.jpg,savari,5,test,-1
test/savari/208336353.jpg,savari,5,test,-1
test/savari/209168112.jpg,savari,5,test,-1
test/savari/209361107.jpg,savari,5,test,-1
test/savari/209427269.jpg,savari,5,test,-1
test/savari/210317139.jpg,savari,5,test,-1
test/savari/210627739.jpg,savari,5,test,-1
test/savari/211212134.jpg,savari,5,test,-1
test/savari/213046686.jpg,savari,5,test,-1
test/savari/213155633.jpg,savari,5,test,-1
test/savari/214403682.jpg,savari,5,test,-1
test/savari/215887510.jpg,savari,5,test,-1
test/savari/216136331.jpg,savari,5,test,-1
test/savari/216216502.jpg,savari,5,test,-1
test/savari/216218291.jpg,savari,5,test,-1
test/savari/216419216.jpg,savari,5,test,-1
test/savari/216755450.jpg,savari,5,test,-1
test/savari/216767398.jpg,savari,5,test,-1
test/savari/216882674.jpg,savari,5,test,-1
test/savari/217371599.jpg,savari,5,test,-1
test/savari/217665283.jpg,savari,5,test,-1
test/savari/217712581.jpg,savari,5,test,-1
test/savari/218163369.jpg,savari,5,test,-1
test/savari/218363990.jpg,savari,5,test,-1
test/savari/218429844.jpg,savari,5,test,-1
test/savari/218484994.jpg,savari,5,test,-1
test/savari/218701858.jpg,savari,5,test,-1
test/savari/218769351.jpg,savari,5,test,-1
test/savari/218778142.jpg,savari,5,test,-1
test/savari/218814576.jpg,savari,5,test,-1
test/savari/218913098.jpg,savari,5,test,-1
test/savari/219072151.jpg,savari,5,test,-1
test/taxi/196245220.jpg,taxi,6,test,-1
test/taxi/197138182.jpg,taxi,6,test,-1
test/taxi/198048924.jpg,taxi,6,test,-1
test/taxi/198068531.jpg,taxi,6,test,-1
test/taxi/198096713.jpg,taxi,6,test,-1
test/taxi/198495096.jpg,taxi,6,test,-1
test/taxi/199826528.jpg,taxi,6,test,-1
test/taxi/200411889.jpg,taxi,6,test,-1
test/taxi/206264188.jpg,taxi,6,test,-1
test/taxi/212609713.jpg,taxi,6,test,-1
test/taxi/212732215.jpg,taxi,6,test,-1
test/taxi/213302210.jpg,taxi,6,test,-1
test/taxi/214712572.jpg,taxi,6,test,-1
test/taxi/214805594.jpg,taxi,6,test,-1
test/taxi/215165181.jpg,taxi,6,test,-1
test/taxi/215670318.jpg,taxi,6,test,-1
test/taxi/215828804.jpg,taxi,6,test,-1
test/taxi/216060007.jpg,taxi,6,test,-1
test/taxi/216125436.jpg,taxi,6,test,-1
test/taxi/216190755.jpg,taxi,6,test,-1
test/taxi/216324691.jpg,taxi,6,test,-1
test/taxi/216465138.jpg,taxi,6,test,-1
test/taxi/216497125.jpg,taxi,6,test,-1
test/taxi/216563328.jpg,taxi,6,test,-1
test/taxi/216640530.jpg,taxi,6,test,-1
test/taxi/216649147.jpg,taxi,6,test,-1
test/taxi/216659419.jpg,taxi,6,test,-1
test/taxi/216753720.jpg,taxi,6,test,-1
test/taxi/217286174.jpg,taxi,6,test,-1
test/taxi/217369619.jpg,taxi,6,test,-1
test/taxi/217447082.jpg,taxi,6,test,-1
test/taxi/217470423.jpg,taxi,6,test,-1
test/taxi/217726063.jpg,taxi,6,test,-1
test/taxi/217909207.jpg,taxi,6,test,-1
test/taxi/217932617.jpg,taxi,6,test,-1
test/taxi/217977521.jpg,taxi,6,test,-1
test/taxi/218033613.jpg,taxi,6,test,-1
test/taxi/218058543.jpg,taxi,6,test,-1
test/taxi/218150166.jpg,taxi,6,test,-1
test/taxi/218155625.jpg,taxi,6,test,-1
test/taxi/218164022.jpg,taxi,6,test,-1
test/taxi/218235081.jpg,taxi,6,test,-1
test/taxi/218318751.jpg,taxi,6,test,-1
test/taxi/218520736.jpg,taxi,6,test,-1
test/taxi/218586145.jpg,taxi,6,test,-1
test/taxi/218648571.jpg,taxi,6,test,-1
test/taxi/218713530.jpg,taxi,6,test,-1
test/taxi/218720521.jpg,taxi,6,test,-1
test/taxi/218879405.jpg,taxi,6,test,-1
test/taxi/219092271.jpg,taxi,6,test,-1
test/vanet/196511721.jpg,vanet,7,test,-1
test/vanet/198062095.jpg,vanet,7,test,-1
test/vanet/207078479.jpg,vanet,7,test,-1
test/vanet/207595119.jpg,vanet,7,test,-1
test/vanet/207772050.jpg,vanet,7,test,-1
test/vanet/215692075.jpg,vanet,7,test,-1
test/vanet/216727686.jpg,vanet,7,test,-1
test/vanet/217150802.jpg,vanet,7,test,-1
test/vanet/217551389.jpg,vanet,7,test,-1
test/vanet/217951013.jpg,vanet,7,test,-1
test/vanet/218939246.jpg,vanet,7,test,-1
