path,class,part
unclean/neysan/194604026.jpg,neysan,val_unknown
unclean/neysan/194840733.jpg,neysan,test_unknown
unclean/neysan/194841865.jpg,neysan,val_unknown
unclean/neysan/194853070.jpg,neysan,val_unknown
unclean/neysan/194936120.jpg,neysan,test_unknown
unclean/neysan/194942215.jpg,neysan,test_unknown
unclean/neysan/194960996.jpg,neysan,val_unknown
unclean/neysan/195003645.jpg,neysan,test_unknown
unclean/neysan/195080365.jpg,neysan,val_unknown
unclean/neysan/195110811.jpg,neysan,test_unknown
unclean/neysan/195132617.jpg,neysan,test_unknown
unclean/neysan/195136808.jpg,neysan,test_unknown
unclean/neysan/195147641.jpg,neysan,test_unknown
unclean/neysan/195148040.jpg,neysan,test_unknown
unclean/neysan/195151211.jpg,neysan,test_unknown
unclean/neysan/195158727.jpg,neysan,test_unknown
unclean/neysan/195165208.jpg,neysan,val_unknown
unclean/neysan/195290564.jpg,neysan,val_unknown
unclean/neysan/195297859.jpg,neysan,test_unknown
unclean/neysan/195371292.jpg,neysan,val_unknown
unclean/neysan/195391348.jpg,neysan,val_unknown
unclean/neysan/195395611.jpg,neysan,test_unknown
unclean/neysan/195451128.jpg,neysan,test_unknown
unclean/neysan/195478008.jpg,neysan,test_unknown
unclean/neysan/195489956.jpg,neysan,val_unknown
unclean/neysan/195491717.jpg,neysan,test_unknown
unclean/neysan/195575409.jpg,neysan,val_unknown
unclean/neysan/195623474.jpg,neysan,test_unknown
unclean/neysan/195646146.jpg,neysan,test_unknown
unclean/neysan/195657144.jpg,neysan,val_unknown
unclean/neysan/195673270.jpg,neysan,val_unknown
unclean/neysan/195691366.jpg,neysan,val_unknown
unclean/neysan/195718438.jpg,neysan,test_unknown
unclean/neysan/195720789.jpg,neysan,val_unknown
unclean/neysan/195728454.jpg,neysan,test_unknown
unclean/neysan/195729274.jpg,neysan,val_unknown
unclean/neysan/195737410.jpg,neysan,val_unknown
unclean/neysan/195740684.jpg,neysan,test_unknown
unclean/neysan/195895243.jpg,neysan,val_unknown
unclean/neysan/195950402.jpg,neysan,test_unknown
unclean/neysan/195955288.jpg,neysan,val_unknown
unclean/neysan/195988970.jpg,neysan,test_unknown
unclean/neysan/195991462.jpg,neysan,test_unknown
unclean/neysan/196095992.jpg,neysan,test_unknown
unclean/neysan/196216785.jpg,neysan,val_unknown
unclean/neysan/196271519.jpg,neysan,val_unknown
unclean/neysan/196296699.jpg,neysan,val_unknown
unclean/neysan/196356494.jpg,neysan,val_unknown
unclean/neysan/196472764.jpg,neysan,test_unknown
unclean/neysan/196484539.jpg,neysan,test_unknown
unclean/neysan/196501322.jpg,neysan,val_unknown
unclean/neysan/196541912.jpg,neysan,val_unknown
unclean/neysan/196577840.jpg,neysan,test_unknown
unclean/neysan/196586673.jpg,neysan,val_unknown
unclean/neysan/196587192.jpg,neysan,test_unknown
unclean/neysan/196600810.jpg,neysan,val_unknown
unclean/neysan/196659846.jpg,neysan,val_unknown
unclean/neysan/196691380.jpg,neysan,test_unknown
unclean/neysan/196756713.jpg,neysan,val_unknown
unclean/neysan/196908180.jpg,neysan,test_unknown
unclean/neysan/196935586.jpg,neysan,val_unknown
unclean/neysan/196943968.jpg,neysan,val_unknown
unclean/neysan/196946016.jpg,neysan,test_unknown
unclean/neysan/196951112.jpg,neysan,test_unknown
unclean/neysan/196958341.jpg,neysan,val_unknown
unclean/neysan/196993529.jpg,neysan,test_unknown
unclean/neysan/197012948.jpg,neysan,test_unknown
unclean/neysan/197030864.jpg,neysan,test_unknown
unclean/neysan/197037020.jpg,neysan,val_unknown
unclean/neysan/197050396.jpg,neysan,test_unknown
unclean/neysan/197051875.jpg,neysan,test_unknown
unclean/neysan/197126230.jpg,neysan,val_unknown
unclean/neysan/197145624.jpg,neysan,val_unknown
unclean/neysan/197150276.jpg,neysan,val_unknown
unclean/neysan/197155144.jpg,neysan,test_unknown
unclean/neysan/197187868.jpg,neysan,test_unknown
unclean/neysan/197223393.jpg,neysan,test_unknown
unclean/neysan/197230014.jpg,neysan,val_unknown
unclean/neysan/197237993.jpg,neysan,test_unknown
unclean/neysan/197241414.jpg,neysan,val_unknown
unclean/neysan/197247731.jpg,neysan,val_unknown
unclean/neysan/197248106.jpg,neysan,test_unknown
unclean/neysan/197248545.jpg,neysan,val_unknown
unclean/neysan/197253666.jpg,neysan,val_unknown
unclean/neysan/197255026.jpg,neysan,val_unknown
unclean/neysan/197261582.jpg,neysan,test_unknown
unclean/neysan/197277284.jpg,neysan,val_unknown
unclean/neysan/197308030.jpg,neysan,test_unknown
unclean/neysan/197316952.jpg,neysan,test_unknown
unclean/neysan/197319173.jpg,neysan,test_unknown
unclean/neysan/197365651.jpg,neysan,val_unknown
unclean/neysan/197375182.jpg,neysan,val_unknown
unclean/neysan/197400566.jpg,neysan,test_unknown
unclean/neysan/197410959.jpg,neysan,test_unknown
unclean/neysan/197417821.jpg,neysan,test_unknown
unclean/neysan/197437140.jpg,neysan,test_unknown
unclean/neysan/197440812.jpg,neysan,val_unknown
unclean/neysan/197495997.jpg,neysan,val_unknown
unclean/neysan/197500908.jpg,neysan,val_unknown
unclean/neysan/197526482.jpg,neysan,val_unknown
unclean/neysan/197527148.jpg,neysan,val_unknown
unclean/neysan/197560785.jpg,neysan,val_unknown
unclean/neysan/197599935.jpg,neysan,test_unknown
unclean/neysan/197629171.jpg,neysan,val_unknown
unclean/neysan/197642949.jpg,neysan,val_unknown
unclean/neysan/197702697.jpg,neysan,test_unknown
unclean/neysan/197741309.jpg,neysan,test_unknown
unclean/neysan/197762795.jpg,neysan,val_unknown
unclean/neysan/197799946.jpg,neysan,val_unknown
unclean/neysan/197800952.jpg,neysan,test_unknown
unclean/neysan/197801257.jpg,neysan,val_unknown
unclean/neysan/197844909.jpg,neysan,test_unknown
unclean/neysan/197852665.jpg,neysan,test_unknown
unclean/neysan/197880860.jpg,neysan,test_unknown
unclean/neysan/197957684.jpg,neysan,test_unknown
unclean/neysan/197959333.jpg,neysan,val_unknown
unclean/neysan/197986381.jpg,neysan,val_unknown
unclean/neysan/198034392.jpg,neysan,test_unknown
unclean/neysan/198052628.jpg,neysan,val_unknown
unclean/neysan/198067483.jpg,neysan,val_unknown
unclean/neysan/198067896.jpg,neysan,val_unknown
unclean/neysan/198081331.jpg,neysan,test_unknown
unclean/neysan/198083699.jpg,neysan,test_unknown
unclean/neysan/198180001.jpg,neysan,test_unknown
unclean/neysan/198195169.jpg,neysan,val_unknown
unclean/neysan/198237870.jpg,neysan,val_unknown
unclean/neysan/198246401.jpg,neysan,val_unknown
unclean/neysan/198248524.jpg,neysan,test_unknown
unclean/neysan/198251219.jpg,neysan,test_unknown
unclean/neysan/198256082.jpg,neysan,val_unknown
unclean/neysan/198284815.jpg,neysan,test_unknown
unclean/neysan/198366858.jpg,neysan,val_unknown
unclean/neysan/198381413.jpg,neysan,val_unknown
unclean/neysan/198415918.jpg,neysan,val_unknown
unclean/neysan/198420720.jpg,neysan,test_unknown
unclean/neysan/198422649.jpg,neysan,val_unknown
unclean/neysan/198454664.jpg,neysan,test_unknown
unclean/neysan/198459757.jpg,neysan,test_unknown
unclean/neysan/198460428.jpg,neysan,val_unknown
unclean/neysan/198484121.jpg,neysan,val_unknown
unclean/neysan/198487480.jpg,neysan,val_unknown
unclean/neysan/198488181.jpg,neysan,test_unknown
unclean/neysan/198502993.jpg,neysan,val_unknown
unclean/neysan/198504276.jpg,neysan,test_unknown
unclean/neysan/198521244.jpg,neysan,val_unknown
unclean/neysan/198532786.jpg,neysan,val_unknown
unclean/neysan/198578327.jpg,neysan,test_unknown
unclean/neysan/198628181.jpg,neysan,val_unknown
unclean/neysan/198661396.jpg,neysan,test_unknown
unclean/neysan/198682197.jpg,neysan,test_unknown
unclean/neysan/198738633.jpg,neysan,val_unknown
unclean/neysan/198830904.jpg,neysan,val_unknown
unclean/neysan/198838713.jpg,neysan,val_unknown
unclean/neysan/198879422.jpg,neysan,test_unknown
unclean/neysan/198922511.jpg,neysan,val_unknown
unclean/neysan/199036351.jpg,neysan,test_unknown
unclean/neysan/199169585.jpg,neysan,val_unknown
unclean/neysan/199280248.jpg,neysan,test_unknown
unclean/neysan/199318277.jpg,neysan,test_unknown
unclean/neysan/199334653.jpg,neysan,val_unknown
unclean/neysan/199339196.jpg,neysan,val_unknown
unclean/neysan/199343837.jpg,neysan,test_unknown
unclean/neysan/199358904.jpg,neysan,val_unknown
unclean/neysan/199401055.jpg,neysan,val_unknown
unclean/neysan/199405061.jpg,neysan,val_unknown
unclean/neysan/199411077.jpg,neysan,test_unknown
unclean/neysan/199412925.jpg,neysan,val_unknown
unclean/neysan/199447894.jpg,neysan,test_unknown
unclean/neysan/199524545.jpg,neysan,val_unknown
unclean/neysan/199525188.jpg,neysan,test_unknown
unclean/neysan/199534377.jpg,neysan,test_unknown
unclean/neysan/199550450.jpg,neysan,val_unknown
unclean/neysan/199677477.jpg,neysan,val_unknown
unclean/neysan/199706691.jpg,neysan,test_unknown
unclean/neysan/199759650.jpg,neysan,val_unknown
unclean/neysan/199788218.jpg,neysan,test_unknown
unclean/neysan/199800413.jpg,neysan,val_unknown
unclean/neysan/199825627.jpg,neysan,test_unknown
unclean/neysan/199831447.jpg,neysan,val_unknown
unclean/neysan/199832901.jpg,neysan,val_unknown
unclean/neysan/199942704.jpg,neysan,val_unknown
unclean/neysan/199953375.jpg,neysan,test_unknown
unclean/neysan/199998323.jpg,neysan,test_unknown
unclean/neysan/200298503.jpg,neysan,val_unknown
unclean/neysan/200389158.jpg,neysan,val_unknown
unclean/neysan/200420286.jpg,neysan,val_unknown
unclean/neysan/200481076.jpg,neysan,test_unknown
unclean/neysan/200533750.jpg,neysan,test_unknown
unclean/neysan/200609458.jpg,neysan,test_unknown
unclean/neysan/200630697.jpg,neysan,test_unknown
unclean/neysan/200792774.jpg,neysan,test_unknown
unclean/neysan/200794546.jpg,neysan,val_unknown
unclean/neysan/200802999.jpg,neysan,val_unknown
unclean/neysan/200809636.jpg,neysan,val_unknown
unclean/neysan/200823882.jpg,neysan,val_unknown
unclean/neysan/200843665.jpg,neysan,test_unknown
unclean/neysan/200932721.jpg,neysan,test_unknown
unclean/neysan/200943051.jpg,neysan,val_unknown
unclean/neysan/201094953.jpg,neysan,val_unknown
unclean/neysan/201189023.jpg,neysan,val_unknown
unclean/neysan/201223227.jpg,neysan,val_unknown
unclean/neysan/201790304.jpg,neysan,test_unknown
unclean/neysan/201814328.jpg,neysan,val_unknown
unclean/neysan/201847206.jpg,neysan,val_unknown
unclean/neysan/201927527.jpg,neysan,val_unknown
unclean/neysan/201971644.jpg,neysan,test_unknown
unclean/neysan/201982839.jpg,neysan,test_unknown
unclean/neysan/201998076.jpg,neysan,test_unknown
unclean/neysan/202019896.jpg,neysan,val_unknown
unclean/neysan/202045297.jpg,neysan,test_unknown
unclean/neysan/202177183.jpg,neysan,test_unknown
unclean/neysan/202308812.jpg,neysan,val_unknown
unclean/neysan/202667629.jpg,neysan,test_unknown
unclean/neysan/202766710.jpg,neysan,val_unknown
unclean/neysan/202810079.jpg,neysan,test_unknown
unclean/neysan/202819083.jpg,neysan,test_unknown
unclean/neysan/202856843.jpg,neysan,test_unknown
unclean/neysan/202875871.jpg,neysan,val_unknown
unclean/neysan/202926245.jpg,neysan,test_unknown
unclean/neysan/202980222.jpg,neysan,val_unknown
unclean/neysan/203138968.jpg,neysan,val_unknown
unclean/neysan/203213711.jpg,neysan,test_unknown
unclean/neysan/203270338.jpg,neysan,val_unknown
unclean/neysan/203362157.jpg,neysan,test_unknown
unclean/neysan/203454250.jpg,neysan,val_unknown
unclean/neysan/203938980.jpg,neysan,val_unknown
unclean/neysan/204002318.jpg,neysan,val_unknown
unclean/neysan/204210347.jpg,neysan,test_unknown
unclean/neysan/204405545.jpg,neysan,test_unknown
unclean/neysan/204725649.jpg,neysan,test_unknown
unclean/neysan/204859983.jpg,neysan,val_unknown
unclean/neysan/205193554.jpg,neysan,val_unknown
unclean/neysan/205262878.jpg,neysan,val_unknown
unclean/neysan/205272178.jpg,neysan,test_unknown
unclean/neysan/205317833.jpg,neysan,val_unknown
unclean/neysan/205327149.jpg,neysan,val_unknown
unclean/neysan/205354707.jpg,neysan,val_unknown
unclean/neysan/205359219.jpg,neysan,val_unknown
unclean/neysan/205573319.jpg,neysan,test_unknown
unclean/neysan/205720297.jpg,neysan,val_unknown
unclean/neysan/205765142.jpg,neysan,test_unknown
unclean/neysan/205788026.jpg,neysan,val_unknown
unclean/neysan/205814375.jpg,neysan,val_unknown
unclean/neysan/205839665.jpg,neysan,val_unknown
unclean/neysan/205893783.jpg,neysan,val_unknown
unclean/neysan/205952169.jpg,neysan,val_unknown
unclean/neysan/205997164.jpg,neysan,val_unknown
unclean/neysan/206000639.jpg,neysan,test_unknown
unclean/neysan/206019581.jpg,neysan,test_unknown
unclean/neysan/206081296.jpg,neysan,test_unknown
unclean/neysan/206095693.jpg,neysan,test_unknown
unclean/neysan/206133475.jpg,neysan,test_unknown
unclean/neysan/206134330.jpg,neysan,val_unknown
unclean/neysan/206146531.jpg,neysan,val_unknown
unclean/neysan/206157146.jpg,neysan,val_unknown
unclean/neysan/206171093.jpg,neysan,test_unknown
unclean/neysan/206203349.jpg,neysan,val_unknown
unclean/neysan/206216604.jpg,neysan,test_unknown
unclean/neysan/206278229.jpg,neysan,val_unknown
unclean/neysan/206292031.jpg,neysan,val_unknown
unclean/neysan/206357127.jpg,neysan,val_unknown
unclean/neysan/206569698.jpg,neysan,val_unknown
unclean/neysan/206608462.jpg,neysan,val_unknown
unclean/neysan/206612809.jpg,neysan,test_unknown
unclean/neysan/206621017.jpg,neysan,val_unknown
unclean/neysan/206621338.jpg,neysan,test_unknown
unclean/neysan/206728042.jpg,neysan,test_unknown
unclean/neysan/206739448.jpg,neysan,test_unknown
unclean/neysan/206990805.jpg,neysan,val_unknown
unclean/neysan/207057519.jpg,neysan,val_unknown
unclean/neysan/207079360.jpg,neysan,test_unknown
unclean/neysan/207089258.jpg,neysan,val_unknown
unclean/neysan/207142000.jpg,neysan,test_unknown
unclean/neysan/207142715.jpg,neysan,val_unknown
unclean/neysan/207145836.jpg,neysan,val_unknown
unclean/neysan/207163688.jpg,neysan,test_unknown
unclean/neysan/207200870.jpg,neysan,test_unknown
unclean/neysan/207216359.jpg,neysan,test_unknown
unclean/neysan/207379908.jpg,neysan,val_unknown
unclean/neysan/207385887.jpg,neysan,test_unknown
unclean/neysan/207412597.jpg,neysan,val_unknown
unclean/neysan/207588795.jpg,neysan,val_unknown
unclean/neysan/207596603.jpg,neysan,val_unknown
unclean/neysan/207677276.jpg,neysan,test_unknown
unclean/neysan/207684145.jpg,neysan,val_unknown
unclean/neysan/207696354.jpg,neysan,test_unknown
unclean/neysan/207739732.jpg,neysan,test_unknown
unclean/neysan/207742359.jpg,neysan,test_unknown
unclean/neysan/207748261.jpg,neysan,test_unknown
unclean/neysan/207749551.jpg,neysan,val_unknown
unclean/neysan/207752161.jpg,neysan,test_unknown
unclean/neysan/207767728.jpg,neysan,test_unknown
unclean/neysan/207785775.jpg,neysan,test_unknown
unclean/neysan/207786156.jpg,neysan,val_unknown
unclean/neysan/207846586.jpg,neysan,test_unknown
unclean/neysan/207850008.jpg,neysan,val_unknown
unclean/neysan/207857872.jpg,neysan,test_unknown
unclean/neysan/207861786.jpg,neysan,test_unknown
unclean/neysan/207864719.jpg,neysan,val_unknown
unclean/neysan/207965767.jpg,neysan,val_unknown
unclean/neysan/207974100.jpg,neysan,test_unknown
unclean/neysan/208014246.jpg,neysan,test_unknown
unclean/neysan/208025714.jpg,neysan,val_unknown
unclean/neysan/208031990.jpg,neysan,test_unknown
unclean/neysan/208036477.jpg,neysan,test_unknown
unclean/neysan/208044083.jpg,neysan,val_unknown
unclean/neysan/208091182.jpg,neysan,val_unknown
unclean/neysan/208096370.jpg,neysan,val_unknown
unclean/neysan/208131330.jpg,neysan,test_unknown
unclean/neysan/208195180.jpg,neysan,val_unknown
unclean/neysan/208197304.jpg,neysan,val_unknown
unclean/neysan/208228643.jpg,neysan,test_unknown
unclean/neysan/208270780.jpg,neysan,val_unknown
unclean/neysan/208280084.jpg,neysan,test_unknown
unclean/neysan/208285763.jpg,neysan,test_unknown
unclean/neysan/208296936.jpg,neysan,val_unknown
unclean/neysan/208328663.jpg,neysan,test_unknown
unclean/neysan/208331769.jpg,neysan,test_unknown
unclean/neysan/208337677.jpg,neysan,test_unknown
unclean/neysan/208339363.jpg,neysan,val_unknown
unclean/neysan/208386363.jpg,neysan,val_unknown
unclean/neysan/208422550.jpg,neysan,val_unknown
unclean/neysan/208431179.jpg,neysan,test_unknown
unclean/neysan/208475226.jpg,neysan,test_unknown
unclean/neysan/208497709.jpg,neysan,val_unknown
unclean/neysan/208529735.jpg,neysan,val_unknown
unclean/neysan/208582339.jpg,neysan,test_unknown
unclean/neysan/208586813.jpg,neysan,val_unknown
unclean/neysan/208592216.jpg,neysan,test_unknown
unclean/neysan/208593884.jpg,neysan,test_unknown
unclean/neysan/208657736.jpg,neysan,val_unknown
unclean/neysan/208671162.jpg,neysan,test_unknown
unclean/neysan/208678784.jpg,neysan,test_unknown
unclean/neysan/208707423.jpg,neysan,test_unknown
unclean/neysan/208758342.jpg,neysan,test_unknown
unclean/neysan/208758405.jpg,neysan,test_unknown
unclean/neysan/209014176.jpg,neysan,val_unknown
unclean/neysan/209052190.jpg,neysan,test_unknown
unclean/neysan/209096424.jpg,neysan,val_unknown
unclean/neysan/209172997.jpg,neysan,test_unknown
unclean/neysan/209271297.jpg,neysan,test_unknown
unclean/neysan/209303406.jpg,neysan,test_unknown
unclean/neysan/209320911.jpg,neysan,test_unknown
unclean/neysan/209440438.jpg,neysan,val_unknown
unclean/neysan/209493858.jpg,neysan,test_unknown
unclean/neysan/209500130.jpg,neysan,val_unknown
unclean/neysan/209693167.jpg,neysan,val_unknown
unclean/neysan/209726658.jpg,neysan,test_unknown
unclean/neysan/209749493.jpg,neysan,test_unknown
unclean/neysan/209766482.jpg,neysan,test_unknown
unclean/neysan/209893847.jpg,neysan,test_unknown
unclean/neysan/209919775.jpg,neysan,test_unknown
unclean/neysan/209937838.jpg,neysan,val_unknown
unclean/neysan/209943473.jpg,neysan,val_unknown
unclean/neysan/210121027.jpg,neysan,val_unknown
unclean/neysan/210404279.jpg,neysan,test_unknown
unclean/neysan/210576543.jpg,neysan,val_unknown
unclean/neysan/210603202.jpg,neysan,val_unknown
unclean/neysan/210682674.jpg,neysan,val_unknown
unclean/neysan/210735083.jpg,neysan,test_unknown
unclean/neysan/211040523.jpg,neysan,test_unknown
unclean/neysan/211048353.jpg,neysan,test_unknown
unclean/neysan/211341025.jpg,neysan,test_unknown
unclean/neysan/211397697.jpg,neysan,val_unknown
unclean/neysan/211529650.jpg,neysan,test_unknown
unclean/neysan/211681485.jpg,neysan,test_unknown
unclean/neysan/211683675.jpg,neysan,test_unknown
unclean/neysan/211742372.jpg,neysan,val_unknown
unclean/neysan/211821251.jpg,neysan,val_unknown
unclean/neysan/211921402.jpg,neysan,test_unknown
unclean/neysan/211960009.jpg,neysan,test_unknown
unclean/neysan/211979013.jpg,neysan,val_unknown
unclean/neysan/212001729.jpg,neysan,test_unknown
unclean/neysan/212002204.jpg,neysan,val_unknown
unclean/neysan/212029693.jpg,neysan,test_unknown
unclean/neysan/212037438.jpg,neysan,test_unknown
unclean/neysan/212107731.jpg,neysan,test_unknown
unclean/neysan/212131849.jpg,neysan,test_unknown
unclean/neysan/212164480.jpg,neysan,val_unknown
unclean/neysan/212177980.jpg,neysan,val_unknown
unclean/neysan/212179510.jpg,neysan,test_unknown
unclean/neysan/212188576.jpg,neysan,test_unknown
unclean/neysan/212199241.jpg,neysan,val_unknown
unclean/neysan/212205108.jpg,neysan,val_unknown
unclean/neysan/212228652.jpg,neysan,test_unknown
unclean/neysan/212246766.jpg,neysan,test_unknown
unclean/neysan/212275461.jpg,neysan,test_unknown
unclean/neysan/212286109.jpg,neysan,val_unknown
unclean/neysan/212344272.jpg,neysan,val_unknown
unclean/neysan/212359578.jpg,neysan,test_unknown
unclean/neysan/212400936.jpg,neysan,test_unknown
unclean/neysan/212468834.jpg,neysan,test_unknown
unclean/neysan/212486564.jpg,neysan,test_unknown
unclean/neysan/212557753.jpg,neysan,val_unknown
unclean/neysan/212670484.jpg,neysan,val_unknown
unclean/neysan/212899489.jpg,neysan,val_unknown
unclean/neysan/212916547.jpg,neysan,test_unknown
unclean/neysan/212933941.jpg,neysan,test_unknown
unclean/neysan/212946567.jpg,neysan,test_unknown
unclean/neysan/213024260.jpg,neysan,test_unknown
unclean/neysan/213201102.jpg,neysan,val_unknown
unclean/neysan/213213974.jpg,neysan,val_unknown
unclean/neysan/213250902.jpg,neysan,val_unknown
unclean/neysan/213306634.jpg,neysan,test_unknown
unclean/neysan/213349964.jpg,neysan,val_unknown
unclean/neysan/213393744.jpg,neysan,test_unknown
unclean/neysan/213453392.jpg,neysan,val_unknown
unclean/neysan/213474257.jpg,neysan,test_unknown
unclean/neysan/213477815.jpg,neysan,val_unknown
unclean/neysan/213498106.jpg,neysan,val_unknown
unclean/neysan/213499081.jpg,neysan,test_unknown
unclean/neysan/213510187.jpg,neysan,test_unknown
unclean/neysan/213512974.jpg,neysan,val_unknown
unclean/neysan/213516467.jpg,neysan,val_unknown
unclean/neysan/213543287.jpg,neysan,val_unknown
unclean/neysan/213563450.jpg,neysan,test_unknown
unclean/neysan/213596552.jpg,neysan,test_unknown
unclean/neysan/213632816.jpg,neysan,test_unknown
unclean/neysan/213693780.jpg,neysan,test_unknown
unclean/neysan/213775881.jpg,neysan,test_unknown
unclean/neysan/213797207.jpg,neysan,val_unknown
unclean/neysan/213802809.jpg,neysan,test_unknown
unclean/neysan/213961662.jpg,neysan,val_unknown
unclean/neysan/214033035.jpg,neysan,val_unknown
unclean/neysan/214297729.jpg,neysan,test_unknown
unclean/neysan/214354307.jpg,neysan,test_unknown
unclean/neysan/214415720.jpg,neysan,val_unknown
unclean/neysan/214500693.jpg,neysan,val_unknown
unclean/neysan/214534544.jpg,neysan,test_unknown
unclean/neysan/214538220.jpg,neysan,val_unknown
unclean/neysan/214543167.jpg,neysan,val_unknown
unclean/neysan/214570473.jpg,neysan,val_unknown
unclean/neysan/214572271.jpg,neysan,test_unknown
unclean/neysan/214575134.jpg,neysan,val_unknown
unclean/neysan/214596732.jpg,neysan,val_unknown
unclean/neysan/214628303.jpg,neysan,val_unknown
unclean/neysan/214679839.jpg,neysan,val_unknown
unclean/neysan/214704493.jpg,neysan,test_unknown
unclean/neysan/214710884.jpg,neysan,test_unknown
unclean/neysan/214716307.jpg,neysan,val_unknown
unclean/neysan/214776623.jpg,neysan,test_unknown
unclean/neysan/214782972.jpg,neysan,val_unknown
unclean/neysan/214814000.jpg,neysan,test_unknown
unclean/neysan/214838660.jpg,neysan,val_unknown
unclean/neysan/214844236.jpg,neysan,val_unknown
unclean/neysan/214846176.jpg,neysan,test_unknown
unclean/neysan/215022451.jpg,neysan,val_unknown
unclean/neysan/215055953.jpg,neysan,val_unknown
unclean/neysan/215107013.jpg,neysan,val_unknown
unclean/neysan/215109203.jpg,neysan,test_unknown
unclean/neysan/215297064.jpg,neysan,test_unknown
unclean/neysan/215575111.jpg,neysan,test_unknown
unclean/neysan/215583918.jpg,neysan,test_unknown
unclean/neysan/215607701.jpg,neysan,test_unknown
unclean/neysan/215616328.jpg,neysan,test_unknown
unclean/neysan/215649880.jpg,neysan,val_unknown
unclean/neysan/215698156.jpg,neysan,val_unknown
unclean/neysan/215714541.jpg,neysan,test_unknown
unclean/neysan/215717560.jpg,neysan,val_unknown
unclean/neysan/215720225.jpg,neysan,val_unknown
unclean/neysan/215726436.jpg,neysan,val_unknown
unclean/neysan/215733811.jpg,neysan,val_unknown
unclean/neysan/215738096.jpg,neysan,val_unknown
unclean/neysan/215755752.jpg,neysan,test_unknown
unclean/neysan/215780374.jpg,neysan,test_unknown
unclean/neysan/215821681.jpg,neysan,val_unknown
unclean/neysan/215836175.jpg,neysan,test_unknown
unclean/neysan/215857042.jpg,neysan,test_unknown
unclean/neysan/215880051.jpg,neysan,test_unknown
unclean/neysan/215896255.jpg,neysan,val_unknown
unclean/neysan/215904549.jpg,neysan,val_unknown
unclean/neysan/215976038.jpg,neysan,val_unknown
unclean/neysan/215977687.jpg,neysan,val_unknown
unclean/neysan/216001977.jpg,neysan,test_unknown
unclean/neysan/216011516.jpg,neysan,val_unknown
unclean/neysan/216034128.jpg,neysan,test_unknown
unclean/neysan/216044833.jpg,neysan,test_unknown
unclean/neysan/216085337.jpg,neysan,test_unknown
unclean/neysan/216105326.jpg,neysan,val_unknown
unclean/neysan/216107182.jpg,neysan,test_unknown
unclean/neysan/216119284.jpg,neysan,val_unknown
unclean/neysan/216129042.jpg,neysan,val_unknown
unclean/neysan/216156094.jpg,neysan,val_unknown
unclean/neysan/216245889.jpg,neysan,test_unknown
unclean/neysan/216279064.jpg,neysan,test_unknown
unclean/neysan/216335667.jpg,neysan,test_unknown
unclean/neysan/216342000.jpg,neysan,val_unknown
unclean/neysan/216417392.jpg,neysan,val_unknown
unclean/neysan/216425162.jpg,neysan,test_unknown
unclean/neysan/216462815.jpg,neysan,test_unknown
unclean/neysan/216525289.jpg,neysan,test_unknown
unclean/neysan/216534642.jpg,neysan,test_unknown
unclean/neysan/216558081.jpg,neysan,test_unknown
unclean/neysan/216606189.jpg,neysan,val_unknown
unclean/neysan/216625212.jpg,neysan,val_unknown
unclean/neysan/216646205.jpg,neysan,test_unknown
unclean/neysan/216688804.jpg,neysan,val_unknown
unclean/neysan/216713191.jpg,neysan,test_unknown
unclean/neysan/216752426.jpg,neysan,test_unknown
unclean/neysan/216755502.jpg,neysan,test_unknown
unclean/neysan/216755768.jpg,neysan,test_unknown
unclean/neysan/216798672.jpg,neysan,val_unknown
unclean/neysan/216849972.jpg,neysan,test_unknown
unclean/neysan/216976584.jpg,neysan,test_unknown
unclean/neysan/216996756.jpg,neysan,test_unknown
unclean/neysan/217018686.jpg,neysan,test_unknown
unclean/neysan/217028894.jpg,neysan,test_unknown
unclean/neysan/217063632.jpg,neysan,val_unknown
unclean/neysan/217090683.jpg,neysan,test_unknown
unclean/neysan/217097271.jpg,neysan,test_unknown
unclean/neysan/217136863.jpg,neysan,val_unknown
unclean/neysan/217170964.jpg,neysan,val_unknown
unclean/neysan/217192410.jpg,neysan,test_unknown
unclean/neysan/217231423.jpg,neysan,test_unknown
unclean/neysan/217260102.jpg,neysan,val_unknown
unclean/neysan/217279618.jpg,neysan,val_unknown
unclean/neysan/217352815.jpg,neysan,val_unknown
unclean/neysan/217427995.jpg,neysan,val_unknown
unclean/neysan/217434868.jpg,neysan,test_unknown
unclean/neysan/217515157.jpg,neysan,val_unknown
unclean/neysan/217554061.jpg,neysan,test_unknown
unclean/neysan/217558673.jpg,neysan,test_unknown
unclean/neysan/217570438.jpg,neysan,val_unknown
unclean/neysan/217684475.jpg,neysan,val_unknown
unclean/neysan/217698430.jpg,neysan,test_unknown
unclean/neysan/217770313.jpg,neysan,val_unknown
unclean/neysan/217784730.jpg,neysan,test_unknown
unclean/neysan/217829551.jpg,neysan,val_unknown
unclean/neysan/217844142.jpg,neysan,test_unknown
unclean/neysan/217889120.jpg,neysan,test_unknown
unclean/neysan/217961793.jpg,neysan,test_unknown
unclean/neysan/217964355.jpg,neysan,val_unknown
unclean/neysan/217970196.jpg,neysan,val_unknown
unclean/neysan/217977559.jpg,neysan,test_unknown
unclean/neysan/217981226.jpg,neysan,test_unknown
unclean/neysan/217990722.jpg,neysan,test_unknown
unclean/neysan/218015373.jpg,neysan,val_unknown
unclean/neysan/218042482.jpg,neysan,val_unknown
unclean/neysan/218044166.jpg,neysan,val_unknown
unclean/neysan/218059558.jpg,neysan,test_unknown
unclean/neysan/218061222.jpg,neysan,val_unknown
unclean/neysan/218080336.jpg,neysan,test_unknown
unclean/neysan/218080868.jpg,neysan,test_unknown
unclean/neysan/218101940.jpg,neysan,test_unknown
unclean/neysan/218120114.jpg,neysan,val_unknown
unclean/neysan/218155360.jpg,neysan,val_unknown
unclean/neysan/218169177.jpg,neysan,val_unknown
unclean/neysan/218187967.jpg,neysan,test_unknown
unclean/neysan/218189460.jpg,neysan,test_unknown
unclean/neysan/218251629.jpg,neysan,val_unknown
unclean/neysan/218259572.jpg,neysan,val_unknown
unclean/neysan/218269888.jpg,neysan,test_unknown
unclean/neysan/218311235.jpg,neysan,val_unknown
unclean/neysan/218352401.jpg,neysan,test_unknown
unclean/neysan/218353100.jpg,neysan,val_unknown
unclean/neysan/218377226.jpg,neysan,test_unknown
unclean/neysan/218438512.jpg,neysan,val_unknown
unclean/neysan/218481035.jpg,neysan,val_unknown
unclean/neysan/218511513.jpg,neysan,val_unknown
unclean/neysan/218516808.jpg,neysan,test_unknown
unclean/neysan/218565025.jpg,neysan,val_unknown
unclean/neysan/218571705.jpg,neysan,test_unknown
unclean/neysan/218575779.jpg,neysan,val_unknown
unclean/neysan/218579053.jpg,neysan,test_unknown
unclean/neysan/218587266.jpg,neysan,val_unknown
unclean/neysan/218594379.jpg,neysan,val_unknown
unclean/neysan/218618891.jpg,neysan,test_unknown
unclean/neysan/218619586.jpg,neysan,test_unknown
unclean/neysan/218621398.jpg,neysan,val_unknown
unclean/neysan/218624569.jpg,neysan,val_unknown
unclean/neysan/218653329.jpg,neysan,val_unknown
unclean/neysan/218667942.jpg,neysan,val_unknown
unclean/neysan/218692911.jpg,neysan,test_unknown
unclean/neysan/218701154.jpg,neysan,val_unknown
unclean/neysan/218706383.jpg,neysan,val_unknown
unclean/neysan/218706427.jpg,neysan,test_unknown
unclean/neysan/218706597.jpg,neysan,test_unknown
unclean/neysan/218733711.jpg,neysan,test_unknown
unclean/neysan/218743756.jpg,neysan,test_unknown
unclean/neysan/218753316.jpg,neysan,test_unknown
unclean/neysan/218769882.jpg,neysan,test_unknown
unclean/neysan/218785295.jpg,neysan,test_unknown
unclean/neysan/218807829.jpg,neysan,val_unknown
unclean/neysan/218844658.jpg,neysan,test_unknown
unclean/neysan/218847866.jpg,neysan,test_unknown
unclean/neysan/218870355.jpg,neysan,val_unknown
unclean/neysan/218873530.jpg,neysan,val_unknown
unclean/neysan/218879049.jpg,neysan,val_unknown
unclean/neysan/218879297.jpg,neysan,val_unknown
unclean/neysan/218886563.jpg,neysan,test_unknown
unclean/neysan/218890033.jpg,neysan,val_unknown
unclean/neysan/218912535.jpg,neysan,val_unknown
unclean/neysan/218932038.jpg,neysan,val_unknown
unclean/neysan/218939947.jpg,neysan,test_unknown
unclean/neysan/218970336.jpg,neysan,val_unknown
unclean/neysan/218980394.jpg,neysan,test_unknown
unclean/neysan/218981053.jpg,neysan,val_unknown
unclean/neysan/218981637.jpg,neysan,test_unknown
unclean/neysan/218984663.jpg,neysan,test_unknown
unclean/neysan/219013565.jpg,neysan,val_unknown
unclean/neysan/219016956.jpg,neysan,val_unknown
unclean/neysan/219037231.jpg,neysan,val_unknown
unclean/neysan/219111121.jpg,neysan,val_unknown
unclean/neysan/219117401.jpg,neysan,test_unknown
