epoch,lr,train_loss,train_acc,train_r2,val_loss,val_acc,val_macro_f1,val_r2,seconds
1,0.001,1.697208903580477,0.419054441260745,0.13966056175185593,1.292451000894819,0.6371428571428571,0.5617937431879629,0.31182924797488454,11.1432523727417
2,0.000998458666866564,1.077476657393327,0.7134670487106017,0.4282990119691259,0.9509067971365792,0.7285714285714285,0.651158614919993,0.49425552226897607,11.215619802474976
3,0.0009938441702975688,0.8406578918924305,0.7786532951289399,0.5560271987354186,0.7940020779200962,0.7657142857142857,0.7050353309992164,0.5790091215087416,11.36066484451294
4,0.0009861849601988382,0.7443947757895834,0.7958452722063037,0.6019284423777937,0.7095723881040301,0.7828571428571428,0.7397003086953704,0.6151122361280194,11.016379356384277
5,0.0009755282581475767,0.6341619628206707,0.8330945558739254,0.66427214141127,0.656998757634844,0.8114285714285714,0.7567048043483229,0.6464748232064275,11.315978288650513
6,0.0009619397662556432,0.5818004900199978,0.8452722063037249,0.6936600724259228,0.6076758248465401,0.7971428571428572,0.7481836366035521,0.6672541763226988,10.793537378311157
7,0.0009455032620941838,0.5512443861168913,0.8467048710601719,0.7064262059021853,0.5608273547036308,0.8314285714285714,0.7978130118755118,0.699898684690925,10.974649667739868
8,0.000926320082177046,0.5229578634729358,0.8574498567335244,0.721942825924575,0.5523931067330496,0.8171428571428572,0.7816848333732032,0.7004432628264099,11.214255571365356
9,0.0009045084971874736,0.4883830057174224,0.8588825214899714,0.7399103080459031,0.4959947769982474,0.8714285714285714,0.8368316905446405,0.7345118862456501,11.23125433921814
10,0.0008802029828000154,0.4675878474227337,0.8617478510028653,0.7480564888514714,0.4849757610048567,0.86,0.8279783835575493,0.7402241377922882,11.683526515960693
11,0.0008535533905932736,0.45888019291241056,0.8710601719197708,0.7515213774978073,0.5119291550772531,0.8,0.7751984186628398,0.7130256136373652,12.581344842910767
12,0.0008247240241650918,0.4340096858135267,0.8789398280802292,0.7691100993111122,0.44675858531679424,0.88,0.8451822247633698,0.7606462610980744,11.262432336807251
13,0.0007938926261462365,0.4254271675829901,0.8667621776504298,0.7696252747640868,0.44048168795449394,0.88,0.8461810256368186,0.763116805088099,11.360788106918335
14,0.0007612492823579742,0.4048412999826721,0.8803724928366762,0.7819594444180273,0.45917924063546317,0.8514285714285714,0.8185724545934798,0.7508798279634072,11.452897548675537
15,0.0007269952498697732,0.40538256173489084,0.8803724928366762,0.7768655167197398,0.4510583533559527,0.8514285714285714,0.8194156832551718,0.7526672397262496,11.30523157119751
16,0.0006913417161825447,0.4051077938011519,0.8739255014326648,0.7819239379727284,0.46395290306636267,0.8342857142857143,0.802702507950366,0.7426202295875324,11.559922695159912
17,0.0006545084971874736,0.37027708673716275,0.8997134670487106,0.7997945759334926,0.4208659417288644,0.8771428571428571,0.8517907628189887,0.7729923970836303,11.398323059082031
18,0.0006167226819279527,0.3710922935289093,0.8904011461318052,0.799752182292312,0.421852707862854,0.8742857142857143,0.8563284446095503,0.7704657080397206,11.630447387695312
19,0.0005782172325201154,0.3706876339236098,0.8954154727793696,0.7979604855245875,0.4235123300552368,0.8685714285714285,0.8452343321993314,0.7714308470990323,11.066035270690918
20,0.0005392295478639224,0.35413643598214944,0.9040114613180515,0.809544958736192,0.4115483134133475,0.8828571428571429,0.8654050881092661,0.7753606858807108,11.256613492965698
21,0.0004999999999999999,0.3559252001494596,0.8989971346704871,0.8076818048729457,0.4075450273922511,0.8857142857142857,0.8797418941279057,0.7785280614258682,11.092466354370117
22,0.0004607704521360775,0.3546557271036514,0.9025787965616046,0.809315218786787,0.395878518308912,0.8914285714285715,0.8752897509135096,0.788586091118608,11.394502878189087
23,0.0004217827674798846,0.35165848653432635,0.8961318051575932,0.8062648144152796,0.3894001156943185,0.9,0.8870439015382972,0.7900933451443894,11.521462440490723
24,0.0003832773180720472,0.34478118230073707,0.8982808022922636,0.8117767201305606,0.3929875271660941,0.8685714285714285,0.8540861908680231,0.7839623411187513,11.209955215454102
25,0.0003454915028125262,0.33537720643346836,0.9004297994269341,0.8195925637920544,0.4011839188848223,0.8828571428571429,0.8662846144370466,0.7814414102699987,11.235260725021362
26,0.00030865828381745506,0.3488638018468731,0.8975644699140402,0.8096526841933761,0.3961354630334037,0.8914285714285715,0.8782267935698387,0.7851471597810891,11.411453247070312
27,0.0002730047501302265,0.3209578980262095,0.9018624641833811,0.8233354520165539,0.3885255476406642,0.8914285714285715,0.8823258256293971,0.7881273386050478,12.399505376815796
28,0.0002387507176420255,0.32546232294899685,0.9047277936962751,0.8237903679043383,0.386993533543178,0.8857142857142857,0.8727689703262811,0.7902855031588987,11.490074872970581
29,0.0002061073738537634,0.32138774857821645,0.9068767908309455,0.825127914936794,0.38605588163648336,0.8857142857142857,0.872286510298713,0.7915236889122031,10.953094482421875
30,0.00017527597583490815,0.3263958452594998,0.9083094555873925,0.8211193830058899,0.3860311576298305,0.8942857142857142,0.8812832736904787,0.7891570095308655,12.425761938095093
31,0.0001464466094067262,0.32734318718015293,0.9011461318051576,0.8234880979306409,0.39103729690824235,0.8857142857142857,0.8712746733630883,0.7864063776161524,17.8572895526886
32,0.00011979701719998447,0.30928501204979797,0.9169054441260746,0.8332748193363224,0.3899163259778704,0.8971428571428571,0.8838326194062857,0.7881636833580595,17.405898809432983
33,9.549150281252627e-05,0.3013110172782723,0.917621776504298,0.8395503602090141,0.3902748438290187,0.8914285714285715,0.8779894932449215,0.7887568058358662,12.544479370117188
34,7.367991782295387e-05,0.3154815950759161,0.9075931232091691,0.8283639982471898,0.3854058235032218,0.8857142857142857,0.8732864395670008,0.7907188400414095,12.419433355331421
35,5.4496737905816076e-05,0.31798733407925056,0.8939828080229226,0.8217397431111712,0.37987951414925714,0.8942857142857142,0.8818509474461984,0.7935393472674903,12.13605260848999
36,3.806023374435661e-05,0.30475851252973934,0.919054441260745,0.8380675795442355,0.3813038345745632,0.8942857142857142,0.8817851852507419,0.79345677366493,24.55897307395935
37,2.447174185242322e-05,0.3111382559326112,0.9061604584527221,0.8307864556627618,0.38044749975204467,0.8914285714285715,0.8792573205612613,0.7935545060765951,16.59788751602173
38,1.3815039801161714e-05,0.3316084278005584,0.9054441260744985,0.8196560574134082,0.38118712970188684,0.8914285714285715,0.8792573205612613,0.7929951005198482,12.09601092338562
39,6.155829702431168e-06,0.3174050451605914,0.9068767908309455,0.8262767149230099,0.3808548011098589,0.8914285714285715,0.8792573205612613,0.7931891391480919,11.715947389602661
40,1.5413331334360176e-06,0.3090444471911236,0.9111747851002865,0.8352607196595399,0.380938116141728,0.8914285714285715,0.8792573205612613,0.7931555347516152,11.773606061935425
